"SP","SPEC","CONF","COMMONNAME","SCINAME","SPEC6","CONF6","LANDBIRD"
"","HITI","","Highland Tinamou","Nothocercus bonapartei","NOTBON","",TRUE
"","GRTI","","Great Tinamou","Tinamus major","TINMAJ","",TRUE
"","LITI","","Little Tinamou","Crypturellus soui","CRYSOU","",TRUE
"","THTI","","Thicket Tinamou","Crypturellus cinnamomeus","CRYCIN","",TRUE
"","SBTI","","Slaty-breasted Tinamou","Crypturellus boucardi","CRYBOU","",TRUE
"","CHTI","","Choco Tinamou","Crypturellus kerriae","CRYKER","",TRUE
"","PLCH","","Plain Chachalaca","Ortalis vetula","ORTVET","",TRUE
"","GHEC","*","Gray-headed Chachalaca","Ortalis cinereiceps","ORTCIN","",TRUE
"","RBEC","*","Rufous-bellied Chachalaca","Ortalis wagleri","ORTWAG","",TRUE
"","WMCH","","West Mexican Chachalaca","Ortalis poliocephala","ORTPOL","",TRUE
"","WBCH","","White-bellied Chachalaca","Ortalis leucogastra","ORTLEU","",TRUE
"","CRGU","","Crested Guan","Penelope purpurascens","PENPUR","",TRUE
"","BLAG","*","Black Guan","Chamaepetes unicolor","CHAUNI","",TRUE
"","HIGU","","Highland Guan","Penelopina nigra","PENNIG","",TRUE
"","HOGU","","Horned Guan","Oreophasis derbianus","OREDER","",TRUE
"","GRCU","","Great Curassow","Crax rubra","CRARUB","",TRUE
"","TFQU","","Tawny-faced Quail","Rhynchortyx cinctus","RHYCIN","",TRUE
"","MOUQ","*","Mountain Quail","Oreortyx pictus","OREPIC","",TRUE
"","BCWP","","Buffy-crowned Wood-Partridge","Dendrortyx leucophrys","DENLEU","",TRUE
"","LTWP","","Long-tailed Wood-Partridge","Dendrortyx macroura","DENMAC","",TRUE
"","BEWP","","Bearded Wood-Partridge","Dendrortyx barbatus","DENBAR","",TRUE
"","BAQU","","Banded Quail","Philortyx fasciatus","PHIFAS","",TRUE
"","NOBO","","Northern Bobwhite","Colinus virginianus","COLVIR","",TRUE
"","BTBO","","Black-throated Bobwhite","Colinus nigrogularis","COLNIG","",TRUE
"","CRBO","","Crested Bobwhite","Colinus cristatus","COLCRI","",TRUE
"","SCQU","","Scaled Quail","Callipepla squamata","CALSQU","",TRUE
"","ELQU","","Elegant Quail","Callipepla douglasii","CALDOU","",TRUE
"","CAQU","","California Quail","Callipepla californica","CALCAF","*",TRUE
"","GAQU","","Gambel's Quail","Callipepla gambelii","CALGAM","",TRUE
"","MONQ","*","Montezuma Quail","Cyrtonyx montezumae","CYRMON","",TRUE
"","OCQU","","Ocellated Quail","Cyrtonyx ocellatus","CYROCE","",TRUE
"","SIQU","","Singing Quail","Dactylortyx thoracicus","DACTHO","",TRUE
"","MAWQ","","Marbled Wood-Quail","Odontophorus gujanensis","ODOGUJ","",TRUE
"","BEWQ","","Black-eared Wood-Quail","Odontophorus melanotis","ODOMEL","",TRUE
"","TAWQ","","Tacarcuna Wood-Quail","Odontophorus dialeucos","ODODIA","",TRUE
"","BBWQ","","Black-breasted Wood-Quail","Odontophorus leucolaemus","ODOLEU","",TRUE
"","SPWQ","","Spotted Wood-Quail","Odontophorus guttatus","ODOGUT","",TRUE
"","WITU","","Wild Turkey","Meleagris gallopavo","MELGAL","",TRUE
"","OCTU","","Ocellated Turkey","Meleagris ocellata","MELOCE","",TRUE
"","RUGR","","Ruffed Grouse","Bonasa umbellus","BONUMB","",TRUE
"","SPGR","","Spruce Grouse","Falcipennis canadensis","FALCAN","",TRUE
"","WIPT","","Willow Ptarmigan","Lagopus lagopus","LAGLAG","",TRUE
"","ROPT","","Rock Ptarmigan","Lagopus muta","LAGMUT","",TRUE
"","WTPT","","White-tailed Ptarmigan","Lagopus leucura","LAGLEU","",TRUE
"","GRSG","","Greater Sage-Grouse","Centrocercus urophasianus","CENURO","",TRUE
"","GUSG","","Gunnison Sage-Grouse","Centrocercus minimus","CENMIN","",TRUE
"","DUGR","","Dusky Grouse","Dendragapus obscurus","DENOBS","",TRUE
"","SOGR","","Sooty Grouse","Dendragapus fuliginosus","DENFUU","*",TRUE
"","STGR","","Sharp-tailed Grouse","Tympanuchus phasianellus","TYMPHA","",TRUE
"","GRPC","","Greater Prairie-Chicken","Tympanuchus cupido","TYMCUP","",TRUE
"","LEPC","","Lesser Prairie-Chicken","Tympanuchus pallidicinctus","TYMPAL","",TRUE
"","GRAP","*","Gray Partridge","Perdix perdix","PERPER","",TRUE
"","RNEP","*","Ring-necked Pheasant","Phasianus colchicus","PHACOL","",TRUE
"","HISN","","Himalayan Snowcock","Tetraogallus himalayensis","TETHIM","",TRUE
"","CHUK","","Chukar","Alectoris chukar","ALECHU","",TRUE
"","ROPI","","Rock Pigeon","Columba livia","COLLIV","",TRUE
"","PVPI","","Pale-vented Pigeon","Patagioenas cayennensis","PATCAY","",TRUE
"","SCPI","","Scaled Pigeon","Patagioenas speciosa","PATSPE","",TRUE
"","WCPI","","White-crowned Pigeon","Patagioenas leucocephala","PATLEU","",TRUE
"","RBPI","","Red-billed Pigeon","Patagioenas flavirostris","PATFLA","",TRUE
"","BTPI","","Band-tailed Pigeon","Patagioenas fasciata","PATFAS","",TRUE
"","RUDP","*","Ruddy Pigeon","Patagioenas subvinacea","PATSUB","",TRUE
"","SBPI","","Short-billed Pigeon","Patagioenas nigrirostris","PATNIG","",TRUE
"","EUCD","","Eurasian Collared-Dove","Streptopelia decaocto","STRDEC","",TRUE
"","SPDO","","Spotted Dove","Streptopelia chinensis","STRCHI","",TRUE
"","INDO","","Inca Dove","Columbina inca","COLINC","",TRUE
"","CGDO","","Common Ground Dove","Columbina passerina","COLPAS","",TRUE
"","PBGD","","Plain-breasted Ground Dove","Columbina minuta","COLMIN","",TRUE
"","RGDO","","Ruddy Ground Dove","Columbina talpacoti","COLTAL","",TRUE
"","BGDO","","Blue Ground Dove","Claravis pretiosa","CLAPRE","",TRUE
"","MCGD","","Maroon-chested Ground Dove","Paraclaravis mondetoura","PARMOD","*",TRUE
"","RUQD","","Ruddy Quail-Dove","Geotrygon montana","GEOMON","",TRUE
"","VIQD","","Violaceous Quail-Dove","Geotrygon violacea","GEOVIO","",TRUE
"","OBQD","","Olive-backed Quail-Dove","Leptotrygon veraguensis","LEPVEG","*",TRUE
"","WTDO","","White-tipped Dove","Leptotila verreauxi","LEPVEX","*",TRUE
"","CADO","","Caribbean Dove","Leptotila jamaicensis","LEPJAM","",TRUE
"","GCDO","","Gray-chested Dove","Leptotila cassinii","LEPCAS","",TRUE
"","GHDO","","Gray-headed Dove","Leptotila plumbeiceps","LEPPLU","",TRUE
"","TUQD","","Tuxtla Quail-Dove","Zentrygon carrikeri","ZENCAR","",TRUE
"","BFQD","","Buff-fronted Quail-Dove","Zentrygon costaricensis","ZENCOS","",TRUE
"","PBQD","","Purplish-backed Quail-Dove","Zentrygon lawrencii","ZENLAW","",TRUE
"","WFAQ","*","White-faced Quail-Dove","Zentrygon albifacies","ZENALB","",TRUE
"","CHQD","","Chiriqui Quail-Dove","Zentrygon chiriquensis","ZENCHI","",TRUE
"","RCQD","","Russet-crowned Quail-Dove","Zentrygon goldmani","ZENGOL","",TRUE
"","WWDO","","White-winged Dove","Zenaida asiatica","ZENASI","",TRUE
"","ZEND","*","Zenaida Dove","Zenaida aurita","ZENAUT","*",TRUE
"","MODO","","Mourning Dove","Zenaida macroura","ZENMAC","",TRUE
"","SODO","","Socorro Dove","Zenaida graysoni","ZENGRA","",TRUE
"","GRTA","*","Greater Ani","Crotophaga major","CROMAJ","",TRUE
"","SBAN","","Smooth-billed Ani","Crotophaga ani","CROANI","",TRUE
"","GBAN","","Groove-billed Ani","Crotophaga sulcirostris","CROSUL","",TRUE
"","STCU","","Striped Cuckoo","Tapera naevia","TAPNAE","",TRUE
"","PHCU","","Pheasant Cuckoo","Dromococcyx phasianellus","DROPHA","",TRUE
"","LEGC","","Lesser Ground-Cuckoo","Morococcyx erythropygus","MORERY","",TRUE
"","LERO","","Lesser Roadrunner","Geococcyx velox","GEOVEL","",TRUE
"","GRRO","","Greater Roadrunner","Geococcyx californianus","GEOCAL","",TRUE
"","RVGC","","Rufous-vented Ground-Cuckoo","Neomorphus geoffroyi","NEOGEO","",TRUE
"","LITC","*","Little Cuckoo","Coccycua minuta","COCMIT","*",TRUE
"","SQCU","","Squirrel Cuckoo","Piaya cayana","PIACAY","",TRUE
"","YBCU","","Yellow-billed Cuckoo","Coccyzus americanus","COCAME","",TRUE
"","MACU","","Mangrove Cuckoo","Coccyzus minor","COCMIR","*",TRUE
"","COCC","*","Cocos Cuckoo","Coccyzus ferrugineus","COCFER","",TRUE
"","BBCU","","Black-billed Cuckoo","Coccyzus erythropthalmus","COCERY","",TRUE
"","SHTN","*","Short-tailed Nighthawk","Lurocalis semitorquatus","LURSEM","",TRUE
"","LENI","","Lesser Nighthawk","Chordeiles acutipennis","CHOACU","",TRUE
"","CONI","","Common Nighthawk","Chordeiles minor","CHOMIN","",TRUE
"","ANNI","","Antillean Nighthawk","Chordeiles gundlachii","CHOGUN","",TRUE
"","COPA","","Common Pauraque","Nyctidromus albicollis","NYCALB","",TRUE
"","COPO","","Common Poorwill","Phalaenoptilus nuttallii","PHANUT","",TRUE
"","EAPO","","Eared Poorwill","Nyctiphrynus mcleodii","NYCMCL","",TRUE
"","YUPO","","Yucatan Poorwill","Nyctiphrynus yucatanicus","NYCYUC","",TRUE
"","OCPO","","Ocellated Poorwill","Nyctiphrynus ocellatus","NYCOCE","",TRUE
"","CWWI","","Chuck-will's-widow","Antrostomus carolinensis","ANTCAR","",TRUE
"","RUNI","","Rufous Nightjar","Antrostomus rufus","ANTRUF","",TRUE
"","TCNI","","Tawny-collared Nightjar","Antrostomus salvini","ANTSAL","",TRUE
"","YUNI","","Yucatan Nightjar","Antrostomus badius","ANTBAD","",TRUE
"","BCNI","","Buff-collared Nightjar","Antrostomus ridgwayi","ANTRID","",TRUE
"","EWPW","","Eastern Whip-poor-will","Antrostomus vociferus","ANTVOC","",TRUE
"","DUNI","","Dusky Nightjar","Antrostomus saturatus","ANTSAT","",TRUE
"","MWPW","","Mexican Whip-poor-will","Antrostomus arizonae","ANTARI","",TRUE
"","WTNI","","White-tailed Nightjar","Hydropsalis cayennensis","HYDCAY","",TRUE
"","SPTN","*","Spot-tailed Nightjar","Hydropsalis maculicaudus","HYDMAU","*",TRUE
"","OILB","","Oilbird","Steatornis caripensis","STECAR","",TRUE
"","GRPO","","Great Potoo","Nyctibius grandis","NYCGRA","",TRUE
"","CPOT","*","Common Potoo","Nyctibius griseus","NYCGRI","",TRUE
"","NORP","*","Northern Potoo","Nyctibius jamaicensis","NYCJAM","",TRUE
"","BLSW","","Black Swift","Cypseloides niger","CYPNIG","",TRUE
"","WFSW","","White-fronted Swift","Cypseloides storeri","CYPSTO","",TRUE
"","WCHS","*","White-chinned Swift","Cypseloides cryptus","CYPCRY","",TRUE
"","SFSW","","Spot-fronted Swift","Cypseloides cherriei","CYPCHE","",TRUE
"","CCSW","","Chestnut-collared Swift","Streptoprocne rutila","STRRUT","",TRUE
"","WCSW","","White-collared Swift","Streptoprocne zonaris","STRZON","",TRUE
"","WNSW","","White-naped Swift","Streptoprocne semicollaris","STRSEM","",TRUE
"","CHSW","","Chimney Swift","Chaetura pelagica","CHAPEL","",TRUE
"","VASW","","Vaux's Swift","Chaetura vauxi","CHAVAU","",TRUE
"","CHAS","*","Chapman's Swift","Chaetura chapmani","CHACHA","",TRUE
"","STSW","","Short-tailed Swift","Chaetura brachyura","CHABRA","",TRUE
"","BRSW","","Band-rumped Swift","Chaetura spinicaudus","CHASPI","",TRUE
"","CRSW","","Costa Rican Swift","Chaetura fumosa","CHAFUM","",TRUE
"","GRSW","","Gray-rumped Swift","Chaetura cinereiventris","CHACIN","",TRUE
"","WTSW","","White-throated Swift","Aeronautes saxatalis","AERSAX","",TRUE
"","LSTS","","Lesser Swallow-tailed Swift","Panyptila cayennensis","PANCAY","",TRUE
"","GSTS","","Great Swallow-tailed Swift","Panyptila sanctihieronymi","PANSAN","",TRUE
"","WNJA","","White-necked Jacobin","Florisuga mellivora","FLOMEL","",TRUE
"","WTSI","","White-tipped Sicklebill","Eutoxeres aquila","EUTAQU","",TRUE
"","BRHE","","Bronzy Hermit","Glaucis aeneus","GLAAEN","",TRUE
"","RBHE","","Rufous-breasted Hermit","Glaucis hirsutus","GLAHIR","",TRUE
"","BTBA","","Band-tailed Barbthroat","Threnetes ruckeri","THRRUC","",TRUE
"","GREH","*","Green Hermit","Phaethornis guy","PHAGUY","",TRUE
"","MEHE","","Mexican Hermit","Phaethornis mexicanus","PHAMEX","",TRUE
"","LBIH","*","Long-billed Hermit","Phaethornis longirostris","PHALON","",TRUE
"","PBHE","","Pale-bellied Hermit","Phaethornis anthophilus","PHAANT","",TRUE
"","STHR","*","Stripe-throated Hermit","Phaethornis striigularis","PHASTR","",TRUE
"","GFRL","*","Green-fronted Lancebill","Doryfera ludovicae","DORLUD","",TRUE
"","BRVI","","Brown Violetear","Colibri delphinae","COLDEL","",TRUE
"","MEVI","","Mexican Violetear","Colibri thalassinus","COLTHA","",TRUE
"","LEVI","","Lesser Violetear","Colibri cyanotus","COLCYA","",TRUE
"","TBHU","","Tooth-billed Hummingbird","Androdon aequatorialis","ANDAEQ","",TRUE
"","PCFA","","Purple-crowned Fairy","Heliothryx barroti","HELBAR","",TRUE
"","GNBM","*","Green-breasted Mango","Anthracothorax prevostii","ANTPRE","",TRUE
"","BTMA","","Black-throated Mango","Anthracothorax nigricollis","ANTNIG","",TRUE
"","VEMA","","Veraguan Mango","Anthracothorax veraguensis","ANTVER","",TRUE
"","GRET","*","Green Thorntail","Discosura conversii","DISCON","",TRUE
"","SCCO","","Short-crested Coquette","Lophornis brachylophus","LOPBRA","",TRUE
"","RCRC","*","Rufous-crested Coquette","Lophornis delattrei","LOPDEL","",TRUE
"","BCCO","","Black-crested Coquette","Lophornis helenae","LOPHEL","",TRUE
"","WCCO","","White-crested Coquette","Lophornis adorabilis","LOPADO","",TRUE
"","GRPU","","Greenish Puffleg","Haplophaedia aureliae","HAPAUR","",TRUE
"","GCBR","","Green-crowned Brilliant","Heliodoxa jacula","HELJAC","",TRUE
"","RIHU","","Rivoli's Hummingbird","Eugenes fulgens","EUGFUL","",TRUE
"","FTHU","","Fiery-throated Hummingbird","Panterpe insignis","PANINS","",TRUE
"","LBST","","Long-billed Starthroat","Heliomaster longirostris","HELLON","",TRUE
"","PCST","","Plain-capped Starthroat","Heliomaster constantii","HELCON","",TRUE
"","GTMG","","Green-throated Mountain-gem","Lampornis viridipallens","LAMVIR","",TRUE
"","GBMG","","Green-breasted Mountain-gem","Lampornis sybillae","LAMSYB","",TRUE
"","ATMG","","Amethyst-throated Mountain-gem","Lampornis amethystinus","LAMAME","",TRUE
"","BTMG","","Blue-throated Mountain-gem","Lampornis clemenciae","LAMCLE","",TRUE
"","WBMG","","White-bellied Mountain-gem","Lampornis hemileucus","LAMHEM","",TRUE
"","PTMG","","Purple-throated Mountain-gem","Lampornis calolaemus","LAMCAL","",TRUE
"","WTMG","","White-throated Mountain-gem","Lampornis castaneoventris","LAMCAS","",TRUE
"","GATH","*","Garnet-throated Hummingbird","Lamprolaima rhami","LAMRHA","",TRUE
"","MTWO","","Magenta-throated Woodstar","Calliphlox bryantae","CALBRY","",TRUE
"","PTWO","","Purple-throated Woodstar","Calliphlox mitchellii","CALMIT","",TRUE
"","SLSH","","Slender Sheartail","Doricha enicura","DORENI","",TRUE
"","MESH","","Mexican Sheartail","Doricha eliza","DORELI","",TRUE
"","SKTH","*","Sparkling-tailed Hummingbird","Tilmatura dupontii","TILDUP","",TRUE
"","LUHU","","Lucifer Hummingbird","Calothorax lucifer","CALLUC","",TRUE
"","BEAH","*","Beautiful Hummingbird","Calothorax pulcher","CALPUL","",TRUE
"","RTHU","","Ruby-throated Hummingbird","Archilochus colubris","ARCCOL","",TRUE
"","BCHU","","Black-chinned Hummingbird","Archilochus alexandri","ARCALE","",TRUE
"","ANHU","","Anna's Hummingbird","Calypte anna","CALANN","",TRUE
"","COHU","","Costa's Hummingbird","Calypte costae","CALCOS","",TRUE
"","CAHU","","Calliope Hummingbird","Selasphorus calliope","SELCAL","",TRUE
"","RUHU","","Rufous Hummingbird","Selasphorus rufus","SELRUF","",TRUE
"","ALHU","","Allen's Hummingbird","Selasphorus sasin","SELSAS","",TRUE
"","BTHU","","Broad-tailed Hummingbird","Selasphorus platycercus","SELPLA","",TRUE
"","BUHU","","Bumblebee Hummingbird","Selasphorus heloisa","SELHEL","",TRUE
"","WTHH","*","Wine-throated Hummingbird","Selasphorus ellioti","SELELL","",TRUE
"","VOHU","","Volcano Hummingbird","Selasphorus flammula","SELFLA","",TRUE
"","SCHU","","Scintillant Hummingbird","Selasphorus scintilla","SELSCI","",TRUE
"","GLTH","*","Glow-throated Hummingbird","Selasphorus ardens","SELARD","",TRUE
"","DUHU","","Dusky Hummingbird","Phaeoptila sordida","PHASOR","",TRUE
"","BBIH","*","Broad-billed Hummingbird","Cynanthus latirostris","CYNLAT","",TRUE
"","GCEM","","Golden-crowned Emerald","Cynanthus auriceps","CYNAUR","",TRUE
"","COEM","","Cozumel Emerald","Cynanthus forficatus","CYNFOR","",TRUE
"","CAEM","","Canivet's Emerald","Cynanthus canivetii","CYNCAN","",TRUE
"","GAEM","","Garden Emerald","Chlorostilbon assimilis","CHLASS","",TRUE
"","WEHU","","White-eared Hummingbird","Basilinna leucotis","BASLEU","",TRUE
"","XAHU","","Xantus's Hummingbird","Basilinna xantusii","BASXAN","",TRUE
"","WTSA","","Wedge-tailed Sabrewing","Pampa curvipennis","PAMCUR","",TRUE
"","LTSA","","Long-tailed Sabrewing","Pampa excellens","PAMEXC","",TRUE
"","RUSA","","Rufous Sabrewing","Pampa rufa","PAMRUF","",TRUE
"","ECHU","","Emerald-chinned Hummingbird","Abeillia abeillei","ABEABE","",TRUE
"","VHHU","","Violet-headed Hummingbird","Klais guimeti","KLAGUI","",TRUE
"","VISA","","Violet Sabrewing","Campylopterus hemileucurus","CAMHEM","",TRUE
"","BTPL","","Bronze-tailed Plumeleteer","Chalybura urochrysia","CHAURO","",TRUE
"","WVPL","","White-vented Plumeleteer","Chalybura buffonii","CHABUF","",TRUE
"","CRWO","","Crowned Woodnymph","Thalurania colombica","THACOL","",TRUE
"","SNOC","*","Snowcap","Microchera albocoronata","MICALB","",TRUE
"","CHEM","","Coppery-headed Emerald","Microchera cupreiceps","MICCUP","",TRUE
"","WTEM","","White-tailed Emerald","Microchera chionura","MICCHI","",TRUE
"","VCAH","*","Violet-capped Hummingbird","Goldmania violiceps","GOLVIO","",TRUE
"","PIHU","","Pirre Hummingbird","Goldmania bella","GOLBEL","",TRUE
"","MEWO","","Mexican Woodnymph","Eupherusa ridgwayi","EUPRID","",TRUE
"","WTAH","*","White-tailed Hummingbird","Eupherusa poliocerca","EUPPOL","",TRUE
"","BCAH","*","Blue-capped Hummingbird","Eupherusa cyanophrys","EUPCYP","*",TRUE
"","STHM","*","Stripe-tailed Hummingbird","Eupherusa eximia","EUPEXI","",TRUE
"","BLBH","*","Black-bellied Hummingbird","Eupherusa nigriventris","EUPNIG","",TRUE
"","SBRH","*","Scaly-breasted Hummingbird","Phaeochroa cuvierii","PHACUV","",TRUE
"","VCHU","","Violet-crowned Hummingbird","Leucolia violiceps","LEUVIO","",TRUE
"","GFHU","","Green-fronted Hummingbird","Leucolia viridifrons","LEUVIF","*",TRUE
"","AZCH","*","Azure-crowned Hummingbird","Saucerottia cyanocephala","SAUCYC","*",TRUE
"","BVHU","","Blue-vented Hummingbird","Saucerottia hoffmanni","SAUHOF","",TRUE
"","BEHU","","Berylline Hummingbird","Saucerottia beryllina","SAUBER","",TRUE
"","BTAH","*","Blue-tailed Hummingbird","Saucerottia cyanura","SAUCYR","*",TRUE
"","SBEH","*","Snowy-bellied Hummingbird","Saucerottia edward","SAUEDW","",TRUE
"","CIHU","","Cinnamon Hummingbird","Amazilia rutila","AMARUT","",TRUE
"","BBEH","*","Buff-bellied Hummingbird","Amazilia yucatanensis","AMAYUC","",TRUE
"","RTAH","*","Rufous-tailed Hummingbird","Amazilia tzacatl","AMATZA","",TRUE
"","HOEM","","Honduran Emerald","Amazilia luciae","AMALUC","",TRUE
"","MAHU","","Mangrove Hummingbird","Amazilia boucardi","AMABOU","",TRUE
"","SHTH","*","Sapphire-throated Hummingbird","Chrysuronia coeruleogularis","CHYCOE","",TRUE
"","HUSA","","Humboldt's Sapphire","Chrysuronia humboldtii","CHRHUM","",TRUE
"","BCHH","*","Blue-chested Hummingbird","Polyerata amabilis","POLAMA","",TRUE
"","CHHU","","Charming Hummingbird","Polyerata decora","POLDEC","",TRUE
"","WBEM","","White-bellied Emerald","Chlorestes candida","CHLCAN","",TRUE
"","BTRG","*","Blue-throated Goldentail","Chlorestes eliciae","CHLELI","",TRUE
"","VBHU","","Violet-bellied Hummingbird","Chlorestes julie","CHLJUL","",TRUE
"","CACO","","California Condor","Gymnogyps californianus","GYMCAL","",TRUE
"","KIVU","","King Vulture","Sarcoramphus papa","SARPAP","",TRUE
"","BLVU","","Black Vulture","Coragyps atratus","CORATR","",TRUE
"","TUVU","","Turkey Vulture","Cathartes aura","CAEAUR","*",TRUE
"","LYHV","","Lesser Yellow-headed Vulture","Cathartes burrovianus","CATBUR","",TRUE
"","OSPR","","Osprey","Pandion haliaetus","PANHAL","",TRUE
"","PEKI","","Pearl Kite","Gampsonyx swainsonii","GAMSWA","",TRUE
"","WTKI","","White-tailed Kite","Elanus leucurus","ELALEU","",TRUE
"","HBKI","","Hook-billed Kite","Chondrohierax uncinatus","CHOUNC","",TRUE
"","GHKI","","Gray-headed Kite","Leptodon cayanensis","LEPCAY","",TRUE
"","STKI","","Swallow-tailed Kite","Elanoides forficatus","ELAFOR","",TRUE
"","CREA","","Crested Eagle","Morphnus guianensis","MORGUI","",TRUE
"","HAEA","","Harpy Eagle","Harpia harpyja","HARHAR","",TRUE
"","GOEA","","Golden Eagle","Aquila chrysaetos","AQUCHR","",TRUE
"","BLHE","","Black Hawk-Eagle","Spizaetus tyrannus","SPITYR","",TRUE
"","BAWH","","Black-and-white Hawk-Eagle","Spizaetus melanoleucus","SPIMEL","",TRUE
"","ORHE","","Ornate Hawk-Eagle","Spizaetus ornatus","SPIORN","",TRUE
"","DTKI","","Double-toothed Kite","Harpagus bidentatus","HARBID","",TRUE
"","NOHA","","Northern Harrier","Circus hudsonius","CIRHUD","",TRUE
"","TIHA","","Tiny Hawk","Accipiter superciliosus","ACCSUP","",TRUE
"","SSHA","","Sharp-shinned Hawk","Accipiter striatus","ACCSTR","",TRUE
"","COHA","","Cooper's Hawk","Accipiter cooperii","ACCCOO","",TRUE
"","BIHA","","Bicolored Hawk","Accipiter bicolor","ACCBIC","",TRUE
"","NOGO","","Northern Goshawk","Accipiter gentilis","ACCGEN","",TRUE
"","BAEA","","Bald Eagle","Haliaeetus leucocephalus","HALLEU","",TRUE
"","MIKI","","Mississippi Kite","Ictinia mississippiensis","ICTMIS","",TRUE
"","PLKI","","Plumbeous Kite","Ictinia plumbea","ICTPLU","",TRUE
"","BCHA","","Black-collared Hawk","Busarellus nigricollis","BUSNIG","",TRUE
"","CRHA","","Crane Hawk","Geranospiza caerulescens","GERCAE","",TRUE
"","SNKI","","Snail Kite","Rostrhamus sociabilis","ROSSOC","",TRUE
"","SBKI","","Slender-billed Kite","Helicolestes hamatus","HELHAM","",TRUE
"","PLHA","","Plumbeous Hawk","Cryptoleucopteryx plumbea","CRYPLU","",TRUE
"","COBH","*","Common Black Hawk","Buteogallus anthracinus","BUTANT","",TRUE
"","SAHA","","Savanna Hawk","Buteogallus meridionalis","BUTMER","",TRUE
"","GBHA","","Great Black Hawk","Buteogallus urubitinga","BUTURU","",TRUE
"","SOEA","","Solitary Eagle","Buteogallus solitarius","BUGSOL","*",TRUE
"","BAHA","","Barred Hawk","Morphnarchus princeps","MORPRI","",TRUE
"","ROHA","","Roadside Hawk","Rupornis magnirostris","RUPMAG","",TRUE
"","HASH","*","Harris's Hawk","Parabuteo unicinctus","PARUNI","",TRUE
"","WTHA","","White-tailed Hawk","Geranoaetus albicaudatus","GERALB","",TRUE
"","WHHA","","White Hawk","Pseudastur albicollis","PSEALB","",TRUE
"","SEHA","","Semiplumbeous Hawk","Leucopternis semiplumbeus","LEUSEL","*",TRUE
"","GRHA","","Gray Hawk","Buteo plagiatus","BUTPLG","*",TRUE
"","GLHA","","Gray-lined Hawk","Buteo nitidus","BUTNIT","",TRUE
"","RSHA","","Red-shouldered Hawk","Buteo lineatus","BUTLIN","",TRUE
"","BWHA","","Broad-winged Hawk","Buteo platypterus","BUTPLT","*",TRUE
"","STHA","","Short-tailed Hawk","Buteo brachyurus","BUTBRA","",TRUE
"","SWHA","","Swainson's Hawk","Buteo swainsoni","BUTSWA","",TRUE
"","ZTHA","","Zone-tailed Hawk","Buteo albonotatus","BUTALB","",TRUE
"","RTHA","","Red-tailed Hawk","Buteo jamaicensis","BUTJAM","",TRUE
"","RLHA","","Rough-legged Hawk","Buteo lagopus","BUTLAG","",TRUE
"","FEHA","","Ferruginous Hawk","Buteo regalis","BUTREG","",TRUE
"","BANO","*","Barn Owl","Tyto alba","TYTALB","",TRUE
"","FLOW","","Flammulated Owl","Psiloscops flammeolus","PSIFLA","",TRUE
"","WHSO","","Whiskered Screech-Owl","Megascops trichopsis","MEGTRI","",TRUE
"","BSSO","","Bare-shanked Screech-Owl","Megascops clarkii","MEGCLA","",TRUE
"","TRSO","","Tropical Screech-Owl","Megascops choliba","MEGCHO","",TRUE
"","BESO","","Bearded Screech-Owl","Megascops barbarus","MEGBAR","",TRUE
"","PASO","","Pacific Screech-Owl","Megascops cooperi","MEGCOO","",TRUE
"","WESO","","Western Screech-Owl","Megascops kennicottii","MEGKEN","",TRUE
"","EASO","","Eastern Screech-Owl","Megascops asio","MEGASI","",TRUE
"","BASO","","Balsas Screech-Owl","Megascops seductus","MEGSED","",TRUE
"","MASO","","Middle American Screech-Owl","Megascops guatemalae","MEGGUA","",TRUE
"","CHSO","","Choco Screech-Owl","Megascops centralis","MEGCEN","",TRUE
"","CROW","","Crested Owl","Lophostrix cristata","LOPCRI","",TRUE
"","SPEO","*","Spectacled Owl","Pulsatrix perspicillata","PULPER","",TRUE
"","GHOW","","Great Horned Owl","Bubo virginianus","BUBVIR","",TRUE
"","SNOW","","Snowy Owl","Bubo scandiacus","BUBSCA","",TRUE
"","NHOW","","Northern Hawk Owl","Surnia ulula","SURULU","",TRUE
"","NOPO","","Northern Pygmy-Owl","Glaucidium gnoma","GLAGNO","",TRUE
"","CRPO","","Costa Rican Pygmy-Owl","Glaucidium costaricanum","GLACOS","",TRUE
"","CAPO","","Central American Pygmy-Owl","Glaucidium griseiceps","GLAGRI","",TRUE
"","TAPO","","Tamaulipas Pygmy-Owl","Glaucidium sanchezi","GLASAN","",TRUE
"","CPYO","*","Colima Pygmy-Owl","Glaucidium palmarum","GLAPAL","",TRUE
"","FEPO","","Ferruginous Pygmy-Owl","Glaucidium brasilianum","GLABRA","",TRUE
"","ELOW","","Elf Owl","Micrathene whitneyi","MICWHI","",TRUE
"","BUOW","","Burrowing Owl","Athene cunicularia","ATHCUN","",TRUE
"","MOOW","","Mottled Owl","Ciccaba virgata","CICVIR","",TRUE
"","BLWO","*","Black-and-white Owl","Ciccaba nigrolineata","CICNIG","",TRUE
"","SPOW","","Spotted Owl","Strix occidentalis","STROCC","",TRUE
"","BADO","*","Barred Owl","Strix varia","STRVAR","",TRUE
"","FUOW","","Fulvous Owl","Strix fulvescens","STRFUL","",TRUE
"","GGOW","","Great Gray Owl","Strix nebulosa","STRNEB","",TRUE
"","LEOW","","Long-eared Owl","Asio otus","ASIOTU","",TRUE
"","STOW","","Stygian Owl","Asio stygius","ASISTY","",TRUE
"","SEOW","","Short-eared Owl","Asio flammeus","ASIFLA","",TRUE
"","STRO","*","Striped Owl","Pseudoscops clamator","PSECLA","",TRUE
"","BOOW","","Boreal Owl","Aegolius funereus","AEGFUN","",TRUE
"","NSWO","","Northern Saw-whet Owl","Aegolius acadicus","AEGACA","",TRUE
"","USWO","","Unspotted Saw-whet Owl","Aegolius ridgwayi","AEGRID","",TRUE
"","LTTR","","Lattice-tailed Trogon","Trogon clathratus","TROCLA","",TRUE
"","STTR","","Slaty-tailed Trogon","Trogon massena","TROMAS","",TRUE
"","BTAT","*","Black-tailed Trogon","Trogon melanurus","TROMER","*",TRUE
"","BHTR","","Black-headed Trogon","Trogon melanocephalus","TROMEC","*",TRUE
"","CITR","","Citreoline Trogon","Trogon citreolus","TROCIT","",TRUE
"","WTAT","*","White-tailed Trogon","Trogon chionurus","TROCHI","",TRUE
"","BATR","","Baird's Trogon","Trogon bairdii","TROBAI","",TRUE
"","GATR","","Gartered Trogon","Trogon caligatus","TROCAL","",TRUE
"","BTHT","*","Black-throated Trogon","Trogon rufus","TRORUS","*",TRUE
"","ELTR","","Elegant Trogon","Trogon elegans","TROELE","",TRUE
"","MOTR","","Mountain Trogon","Trogon mexicanus","TROMEX","",TRUE
"","COTR","","Collared Trogon","Trogon collaris","TROCOL","",TRUE
"","EAQU","","Eared Quetzal","Euptilotis neoxenus","EUPNEO","",TRUE
"","GHQU","","Golden-headed Quetzal","Pharomachrus auriceps","PHAAUC","*",TRUE
"","REQU","","Resplendent Quetzal","Pharomachrus mocinno","PHAMOC","",TRUE
"","TOMO","","Tody Motmot","Hylomanes momotula","HYLMOM","",TRUE
"","BTMO","","Blue-throated Motmot","Aspatha gularis","ASPGUL","",TRUE
"","RCMO","","Russet-crowned Motmot","Momotus mexicanus","MOMMEX","",TRUE
"","BCMO","","Blue-capped Motmot","Momotus coeruliceps","MOMCOE","",TRUE
"","LEMO","","Lesson's Motmot","Momotus lessonii","MOMLES","",TRUE
"","WHMO","","Whooping Motmot","Momotus subrufescens","MOMSUB","",TRUE
"","RMOT","*","Rufous Motmot","Baryphthengus martii","BARMAR","",TRUE
"","KBMO","","Keel-billed Motmot","Electron carinatum","ELECAR","",TRUE
"","BBMO","","Broad-billed Motmot","Electron platyrhynchum","ELEPLA","",TRUE
"","TBMO","","Turquoise-browed Motmot","Eumomota superciliosa","EUMSUP","",TRUE
"","RIKI","","Ringed Kingfisher","Megaceryle torquata","MEGTOR","",TRUE
"","BEKI","","Belted Kingfisher","Megaceryle alcyon","MEGALC","",TRUE
"","AMKI","","Amazon Kingfisher","Chloroceryle amazona","CHLAMA","",TRUE
"","APKI","","American Pygmy Kingfisher","Chloroceryle aenea","CHLAEN","",TRUE
"","GKIN","*","Green Kingfisher","Chloroceryle americana","CHLAME","",TRUE
"","GARK","","Green-and-rufous Kingfisher","Chloroceryle inda","CHLIND","",TRUE
"","BAPU","","Barred Puffbird","Nystalus radiatus","NYSRAD","",TRUE
"","WNPU","","White-necked Puffbird","Notharchus hyperrhynchus","NOTHYP","",TRUE
"","BBPU","","Black-breasted Puffbird","Notharchus pectoralis","NOTPEC","",TRUE
"","PIPU","","Pied Puffbird","Notharchus tectus","NOTTEC","",TRUE
"","WWPU","","White-whiskered Puffbird","Malacoptila panamensis","MALPAN","",TRUE
"","LAMO","","Lanceolated Monklet","Micromonacha lanceolata","MICLAN","",TRUE
"","GCNU","","Gray-cheeked Nunlet","Nonnula frontalis","NONFRO","",TRUE
"","WFNU","","White-fronted Nunbird","Monasa morphoeus","MONMOR","",TRUE
"","DBJA","","Dusky-backed Jacamar","Brachygalba salmoni","BRASAL","",TRUE
"","RTJA","","Rufous-tailed Jacamar","Galbula ruficauda","GALRUF","",TRUE
"","GREJ","*","Great Jacamar","Jacamerops aureus","JACAUR","",TRUE
"","SCBA","","Spot-crowned Barbet","Capito maculicoronatus","CAPMAC","",TRUE
"","RHBA","","Red-headed Barbet","Eubucco bourcierii","EUBBOU","",TRUE
"","PBBA","","Prong-billed Barbet","Semnornis frantzii","SEMFRA","",TRUE
"","NOET","","Northern Emerald-Toucanet","Aulacorhynchus prasinus","AULPRA","",TRUE
"","COAR","","Collared Aracari","Pteroglossus torquatus","PTETOR","",TRUE
"","FBAR","","Fiery-billed Aracari","Pteroglossus frantzii","PTEFRA","",TRUE
"","YETO","","Yellow-eared Toucanet","Selenidera spectabilis","SELSPT","*",TRUE
"","KBTO","","Keel-billed Toucan","Ramphastos sulfuratus","RAMSUL","",TRUE
"","YTTO","","Yellow-throated Toucan","Ramphastos ambiguus","RAMAMB","",TRUE
"","OLPI","","Olivaceous Piculet","Picumnus olivaceus","PICOLI","",TRUE
"","LEWO","","Lewis's Woodpecker","Melanerpes lewis","MELLEW","",TRUE
"","RHWO","","Red-headed Woodpecker","Melanerpes erythrocephalus","MELERY","",TRUE
"","ACWO","","Acorn Woodpecker","Melanerpes formicivorus","MELFOR","",TRUE
"","GNWO","","Golden-naped Woodpecker","Melanerpes chrysauchen","MELCHC","*",TRUE
"","BCWO","","Black-cheeked Woodpecker","Melanerpes pucherani","MELPUC","",TRUE
"","GCHW","*","Golden-cheeked Woodpecker","Melanerpes chrysogenys","MELCHG","*",TRUE
"","GBWO","","Gray-breasted Woodpecker","Melanerpes hypopolius","MELHYI","*",TRUE
"","YUWO","","Yucatan Woodpecker","Melanerpes pygmaeus","MELPYG","",TRUE
"","RCRW","*","Red-crowned Woodpecker","Melanerpes rubricapillus","MELRUB","",TRUE
"","GIWO","","Gila Woodpecker","Melanerpes uropygialis","MELURO","",TRUE
"","HOWO","","Hoffmann's Woodpecker","Melanerpes hoffmannii","MELHOF","",TRUE
"","GFWO","","Golden-fronted Woodpecker","Melanerpes aurifrons","MELAUR","",TRUE
"","RBWO","","Red-bellied Woodpecker","Melanerpes carolinus","MELCAR","",TRUE
"","WISA","","Williamson's Sapsucker","Sphyrapicus thyroideus","SPHTHY","",TRUE
"","YBSA","","Yellow-bellied Sapsucker","Sphyrapicus varius","SPHVAR","",TRUE
"","RNSA","","Red-naped Sapsucker","Sphyrapicus nuchalis","SPHNUC","",TRUE
"","RBSA","","Red-breasted Sapsucker","Sphyrapicus ruber","SPHRUB","",TRUE
"","ATTW","","American Three-toed Woodpecker","Picoides dorsalis","PICDOR","",TRUE
"","BBWO","","Black-backed Woodpecker","Picoides arcticus","PICARC","",TRUE
"","DOWO","","Downy Woodpecker","Dryobates pubescens","DRYPUB","",TRUE
"","NUWO","","Nuttall's Woodpecker","Dryobates nuttallii","DRYNUT","",TRUE
"","LBWO","","Ladder-backed Woodpecker","Dryobates scalaris","DRYSCA","",TRUE
"","RCWO","","Red-cockaded Woodpecker","Dryobates borealis","DRYBOR","",TRUE
"","HAWO","","Hairy Woodpecker","Dryobates villosus","DRYVIL","",TRUE
"","WHWO","","White-headed Woodpecker","Dryobates albolarvatus","DRYALB","",TRUE
"","SMBW","*","Smoky-brown Woodpecker","Dryobates fumigatus","DRYFUM","",TRUE
"","ARWO","","Arizona Woodpecker","Dryobates arizonae","DRYARI","",TRUE
"","STCW","*","Strickland's Woodpecker","Dryobates stricklandi","DRYSTR","",TRUE
"","RRWO","","Red-rumped Woodpecker","Dryobates kirkii","DRYKIR","",TRUE
"","RWWO","","Rufous-winged Woodpecker","Piculus simplex","PICSIM","",TRUE
"","SCHW","*","Stripe-cheeked Woodpecker","Piculus callopterus","PICCAL","",TRUE
"","GGWO","","Golden-green Woodpecker","Piculus chrysochloros","PICCHR","",TRUE
"","GOWO","","Golden-olive Woodpecker","Colaptes rubiginosus","COLRUB","",TRUE
"","GRCW","*","Gray-crowned Woodpecker","Colaptes auricularis","COLAUC","*",TRUE
"","SBWP","*","Spot-breasted Woodpecker","Colaptes punctigula","COLPUN","",TRUE
"","NOFL","","Northern Flicker","Colaptes auratus","COLAUT","*",TRUE
"","GIFL","","Gilded Flicker","Colaptes chrysoides","COLCHR","",TRUE
"","CIWO","","Cinnamon Woodpecker","Celeus loricatus","CELLOR","",TRUE
"","CCOW","*","Chestnut-colored Woodpecker","Celeus castaneus","CELCAS","",TRUE
"","LIWO","","Lineated Woodpecker","Dryocopus lineatus","DRYLIN","",TRUE
"","PIWO","","Pileated Woodpecker","Dryocopus pileatus","DRYPIL","",TRUE
"","CBWO","","Crimson-bellied Woodpecker","Campephilus haematogaster","CAMHAE","",TRUE
"","CCRW","*","Crimson-crested Woodpecker","Campephilus melanoleucos","CAMMEL","",TRUE
"","PBIW","*","Pale-billed Woodpecker","Campephilus guatemalensis","CAMGUA","",TRUE
"","IBWO","","Ivory-billed Woodpecker","Campephilus principalis","CAMPRI","",TRUE
"","IMWO","","Imperial Woodpecker","Campephilus imperialis","CAMIMP","",TRUE
"","LAFA","","Laughing Falcon","Herpetotheres cachinnans","HERCAC","",TRUE
"","BAFF","","Barred Forest-Falcon","Micrastur ruficollis","MICRUF","",TRUE
"","SBFF","","Slaty-backed Forest-Falcon","Micrastur mirandollei","MICMIR","",TRUE
"","COFF","","Collared Forest-Falcon","Micrastur semitorquatus","MICSEM","",TRUE
"","RTCA","","Red-throated Caracara","Ibycter americanus","IBYAME","",TRUE
"","CRCA","","Crested Caracara","Caracara cheriway","CARCHE","",TRUE
"","YHCA","","Yellow-headed Caracara","Milvago chimachima","MILCHI","",TRUE
"","AMKE","","American Kestrel","Falco sparverius","FALSPA","",TRUE
"","MERL","","Merlin","Falco columbarius","FALCOL","",TRUE
"","APFA","","Aplomado Falcon","Falco femoralis","FALFEM","",TRUE
"","BAFA","","Bat Falcon","Falco rufigularis","FALRUF","",TRUE
"","OBFA","","Orange-breasted Falcon","Falco deiroleucus","FALDEI","",TRUE
"","GYRF","","Gyrfalcon","Falco rusticolus","FALRUS","",TRUE
"","PEFA","","Peregrine Falcon","Falco peregrinus","FALPER","",TRUE
"","PRFA","","Prairie Falcon","Falco mexicanus","FALMEX","",TRUE
"","PAIP","*","Painted Parakeet","Pyrrhura picta","PYRPIC","",TRUE
"","SWPA","","Sulphur-winged Parakeet","Pyrrhura hoffmanni","PYRHOF","",TRUE
"","MOPA","","Monk Parakeet","Myiopsitta monachus","MYIMON","",TRUE
"","OTPA","","Olive-throated Parakeet","Eupsittula nana","EUPNAN","",TRUE
"","OFPA","","Orange-fronted Parakeet","Eupsittula canicularis","EUPCAN","",TRUE
"","BTPA","","Brown-throated Parakeet","Eupsittula pertinax","EUPPER","",TRUE
"","BAYM","","Blue-and-yellow Macaw","Ara ararauna","ARAARA","",TRUE
"","CFMA","","Chestnut-fronted Macaw","Ara severus","ARASEV","",TRUE
"","SCMA","","Scarlet Macaw","Ara macao","ARAMAC","",TRUE
"","RAGM","","Red-and-green Macaw","Ara chloropterus","ARACHL","",TRUE
"","MIMA","","Military Macaw","Ara militaris","ARAMIL","",TRUE
"","GGMA","","Great Green Macaw","Ara ambiguus","ARAAMB","",TRUE
"","GREP","*","Green Parakeet","Psittacara holochlorus","PSIHOL","",TRUE
"","SOPA","","Socorro Parakeet","Psittacara brevipes","PSIBRE","",TRUE
"","PACP","*","Pacific Parakeet","Psittacara strenuus","PSISTR","",TRUE
"","CFPA","","Crimson-fronted Parakeet","Psittacara finschi","PSIFIN","",TRUE
"","TBPA","","Thick-billed Parrot","Rhynchopsitta pachyrhyncha","RHYPAC","",TRUE
"","MFPA","","Maroon-fronted Parrot","Rhynchopsitta terrisi","RHYTER","",TRUE
"","BAPA","","Barred Parakeet","Bolborhynchus lineola","BOLLIN","",TRUE
"","MEXP","*","Mexican Parrotlet","Forpus cyanopygius","FORCYA","",TRUE
"","SPPA","","Spectacled Parrotlet","Forpus conspicillatus","FORCON","",TRUE
"","OCPA","","Orange-chinned Parakeet","Brotogeris jugularis","BROJUG","",TRUE
"","RFPA","","Red-fronted Parrotlet","Touit costaricensis","TOUCOS","",TRUE
"","BFPA","","Blue-fronted Parrotlet","Touit dilectissimus","TOUDIL","",TRUE
"","BHOP","*","Brown-hooded Parrot","Pyrilia haematotis","PYRHAE","",TRUE
"","SHPA","","Saffron-headed Parrot","Pyrilia pyrilia","PYRPYI","*",TRUE
"","BHEP","*","Blue-headed Parrot","Pionus menstruus","PIOMEN","",TRUE
"","WCPA","","White-crowned Parrot","Pionus senilis","PIOSEN","",TRUE
"","WFPA","","White-fronted Parrot","Amazona albifrons","AMAALB","",TRUE
"","YLPA","","Yellow-lored Parrot","Amazona xantholora","AMAXAN","",TRUE
"","RCPA","","Red-crowned Parrot","Amazona viridigenalis","AMAVIR","*",TRUE
"","LCPA","","Lilac-crowned Parrot","Amazona finschi","AMAFIN","",TRUE
"","RLPA","","Red-lored Parrot","Amazona autumnalis","AMAAUT","",TRUE
"","MEAP","*","Mealy Parrot","Amazona farinosa","AMAFAR","",TRUE
"","YHPA","","Yellow-headed Parrot","Amazona oratrix","AMAORA","",TRUE
"","YNPA","","Yellow-naped Parrot","Amazona auropalliata","AMAAUR","",TRUE
"","YCRP","*","Yellow-crowned Parrot","Amazona ochrocephala","AMAOCH","",TRUE
"","SAPA","","Sapayoa","Sapayoa aenigma","SAPAEN","",TRUE
"","FAAN","","Fasciated Antshrike","Cymbilaimus lineatus","CYMLIN","",TRUE
"","GANT","*","Great Antshrike","Taraba major","TARMAJ","",TRUE
"","BAAN","","Barred Antshrike","Thamnophilus doliatus","THADOL","",TRUE
"","BLAN","","Black Antshrike","Thamnophilus nigriceps","THANIG","",TRUE
"","BHOA","*","Black-hooded Antshrike","Thamnophilus bridgesi","THABRI","",TRUE
"","BCAS","*","Black-crowned Antshrike","Thamnophilus atrinucha","THAATR","",TRUE
"","SFAN","","Spiny-faced Antshrike","Xenornis setifrons","XENSET","",TRUE
"","RUAN","","Russet Antshrike","Thamnistes anabatinus","THAANA","",TRUE
"","PLAN","","Plain Antvireo","Dysithamnus mentalis","DYSMEN","",TRUE
"","STCA","*","Streak-crowned Antvireo","Dysithamnus striaticeps","DYSSTR","",TRUE
"","SPCA","*","Spot-crowned Antvireo","Dysithamnus puncticeps","DYSPUN","",TRUE
"","MOAN","","Moustached Antwren","Myrmotherula ignota","MYRIGN","",TRUE
"","PAAN","","Pacific Antwren","Myrmotherula pacifica","MYRPAC","",TRUE
"","WFLA","*","White-flanked Antwren","Myrmotherula axillaris","MYRAXI","",TRUE
"","SLAN","","Slaty Antwren","Myrmotherula schisticolor","MYRSCH","",TRUE
"","RWAN","","Rufous-winged Antwren","Herpsilochmus rufimarginatus","HERRUF","",TRUE
"","DWAN","","Dot-winged Antwren","Microrhopias quixensis","MICQUI","",TRUE
"","WFRA","*","White-fringed Antwren","Formicivora grisea","FORGRI","",TRUE
"","RRAN","","Rufous-rumped Antwren","Euchrepomis callinota","EUCCAL","",TRUE
"","DUAN","","Dusky Antbird","Cercomacroides tyrannina","CERTYR","",TRUE
"","JEAN","","Jet Antbird","Cercomacra nigricans","CERNIG","",TRUE
"","BACA","*","Bare-crowned Antbird","Gymnocichla nudiceps","GYCNUD","*",TRUE
"","WBEA","*","White-bellied Antbird","Myrmeciza longipes","MYRLON","",TRUE
"","ZEAN","","Zeledon's Antbird","Myrmeciza zeledoni","MYRZEL","",TRUE
"","CBAN","","Chestnut-backed Antbird","Poliocrania exsul","POLEXS","",TRUE
"","DMAN","","Dull-mantled Antbird","Sipia laemosticta","SIPLAE","",TRUE
"","SPAN","","Spotted Antbird","Hylophylax naevioides","HYLNAE","",TRUE
"","WBAA","*","Wing-banded Antbird","Myrmornis torquata","MYRTOR","",TRUE
"","BIAN","","Bicolored Antbird","Gymnopithys bicolor","GYMBIC","",TRUE
"","OCAN","","Ocellated Antbird","Phaenostictus mcleannani","PHAMCL","",TRUE
"","BCAP","*","Black-crowned Antpitta","Pittasoma michleri","PITMIC","",TRUE
"","SCAA","*","Scaled Antpitta","Grallaria guatimalensis","GRAGUA","",TRUE
"","SCHA","*","Streak-chested Antpitta","Hylopezus perspicillatus","HYLPER","",TRUE
"","THAN","","Thicket Antpitta","Hylopezus dives","HYLDIV","",TRUE
"","OBAN","","Ochre-breasted Antpitta","Grallaricula flavirostris","GRAFLA","",TRUE
"","TATA","","Tacarcuna Tapaculo","Scytalopus panamensis","SCYPAN","",TRUE
"","SFTA","","Silvery-fronted Tapaculo","Scytalopus argentifrons","SCYARG","",TRUE
"","BFAN","","Black-faced Antthrush","Formicarius analis","FORANA","",TRUE
"","BHEA","*","Black-headed Antthrush","Formicarius nigricapillus","FORNIG","",TRUE
"","RBAN","","Rufous-breasted Antthrush","Formicarius rufipectus","FORRUF","",TRUE
"","TTLE","","Tawny-throated Leaftosser","Sclerurus mexicanus","SCLMEX","",TRUE
"","GTLE","","Gray-throated Leaftosser","Sclerurus albigularis","SCLALB","",TRUE
"","STLE","","Scaly-throated Leaftosser","Sclerurus guatemalensis","SCLGUA","",TRUE
"","OLWO","","Olivaceous Woodcreeper","Sittasomus griseicapillus","SITGRI","",TRUE
"","LTWO","","Long-tailed Woodcreeper","Deconychura longicauda","DECLON","",TRUE
"","RUWO","","Ruddy Woodcreeper","Dendrocincla homochroa","DENHOM","",TRUE
"","TWWO","","Tawny-winged Woodcreeper","Dendrocincla anabatina","DENANA","",TRUE
"","PBRW","*","Plain-brown Woodcreeper","Dendrocincla fuliginosa","DENFUA","*",TRUE
"","WBWO","","Wedge-billed Woodcreeper","Glyphorynchus spirurus","GLYSPI","",TRUE
"","NOBW","","Northern Barred-Woodcreeper","Dendrocolaptes sanctithomae","DENSAN","",TRUE
"","BBNW","*","Black-banded Woodcreeper","Dendrocolaptes picumnus","DENPIM","*",TRUE
"","SNBW","*","Strong-billed Woodcreeper","Xiphocolaptes promeropirhynchus","XIPPRO","",TRUE
"","COWO","","Cocoa Woodcreeper","Xiphorhynchus susurrans","XIPSUS","",TRUE
"","IBIW","*","Ivory-billed Woodcreeper","Xiphorhynchus flavigaster","XIPFLA","",TRUE
"","BSWO","","Black-striped Woodcreeper","Xiphorhynchus lachrymosus","XIPLAC","",TRUE
"","SPWO","","Spotted Woodcreeper","Xiphorhynchus erythropygius","XIPERY","",TRUE
"","SGBW","*","Straight-billed Woodcreeper","Dendroplex picus","DENPIS","*",TRUE
"","RBSC","","Red-billed Scythebill","Campylorhamphus trochilirostris","CAMTRO","",TRUE
"","BBSC","","Brown-billed Scythebill","Campylorhamphus pusillus","CAMPUS","",TRUE
"","WSWO","","White-striped Woodcreeper","Lepidocolaptes leucogaster","LEPLEU","",TRUE
"","SHWO","","Streak-headed Woodcreeper","Lepidocolaptes souleyetii","LEPSOU","",TRUE
"","SCRW","*","Spot-crowned Woodcreeper","Lepidocolaptes affinis","LEPAFF","",TRUE
"","PLXE","","Plain Xenops","Xenops minutus","XENMIT","*",TRUE
"","STXE","","Streaked Xenops","Xenops rutilans","XENRUT","",TRUE
"","BUTU","","Buffy Tuftedcheek","Pseudocolaptes lawrencii","PSELAW","",TRUE
"","STST","","Sharp-tailed Streamcreeper","Lochmias nematura","LOCNEM","",TRUE
"","SWFG","","Slaty-winged Foliage-gleaner","Philydor fuscipenne","PHIFUS","",TRUE
"","BFFG","","Buff-fronted Foliage-gleaner","Dendroma rufa","DENRUF","",TRUE
"","STFG","","Scaly-throated Foliage-gleaner","Anabacerthia variegaticeps","ANAVAR","",TRUE
"","LIFG","","Lineated Foliage-gleaner","Syndactyla subalaris","SYNSUB","",TRUE
"","RUFG","","Ruddy Foliage-gleaner","Clibanornis rubiginosus","CLIRUB","",TRUE
"","SBTR","","Streak-breasted Treehunter","Thripadectes rufobrunneus","THRRUB","*",TRUE
"","BTFG","","Buff-throated Foliage-gleaner","Automolus ochrolaemus","AUTOCH","",TRUE
"","CHFG","","Chiriqui Foliage-gleaner","Automolus exsertus","AUTEXS","",TRUE
"","STPW","*","Striped Woodhaunter","Automolus subulatus","AUTSUB","",TRUE
"","SPBA","","Spotted Barbtail","Premnoplex brunnescens","PREBRU","",TRUE
"","BETR","","Beautiful Treerunner","Margarornis bellulus","MARBEL","",TRUE
"","RUTR","","Ruddy Treerunner","Margarornis rubiginosus","MARRUB","",TRUE
"","DBGR","","Double-banded Graytail","Xenerpestes minlosi","XENMIL","*",TRUE
"","RFSP","","Red-faced Spinetail","Cranioleuca erythrops","CRAERY","",TRUE
"","COSP","","Coiba Spinetail","Cranioleuca dissita","CRADIS","",TRUE
"","PBSP","","Pale-breasted Spinetail","Synallaxis albescens","SYNALB","",TRUE
"","SLSP","","Slaty Spinetail","Synallaxis brachyura","SYNBRA","",TRUE
"","RBSP","","Rufous-breasted Spinetail","Synallaxis erythrothorax","SYNERY","",TRUE
"","LATM","*","Lance-tailed Manakin","Chiroxiphia lanceolata","CHILAN","",TRUE
"","LOTM","*","Long-tailed Manakin","Chiroxiphia linearis","CHILIN","",TRUE
"","WRMA","","White-ruffed Manakin","Corapipo altera","CORALT","",TRUE
"","GMAK","*","Green Manakin","Cryptopipo holochlora","CRYHOL","",TRUE
"","BCRM","*","Blue-crowned Manakin","Lepidothrix coronata","LEPCOR","",TRUE
"","WCOM","*","White-collared Manakin","Manacus candei","MANCAN","",TRUE
"","OCMA","","Orange-collared Manakin","Manacus aurantiacus","MANAUR","",TRUE
"","GCMA","","Golden-collared Manakin","Manacus vitellinus","MANVIT","",TRUE
"","WCRM","*","White-crowned Manakin","Pseudopipra pipra","PSEPIP","",TRUE
"","RCMA","","Red-capped Manakin","Ceratopipra mentalis","CERMEN","",TRUE
"","GHMA","","Golden-headed Manakin","Ceratopipra erythrocephala","CERERY","",TRUE
"","PTFR","","Purple-throated Fruitcrow","Querula purpurata","QUEPUR","",TRUE
"","BNUM","","Bare-necked Umbrellabird","Cephalopterus glabricollis","CEPGLA","",TRUE
"","LOCO","","Lovely Cotinga","Cotinga amabilis","COTAMA","",TRUE
"","TUCO","","Turquoise Cotinga","Cotinga ridgwayi","COTRID","",TRUE
"","BLCO","","Blue Cotinga","Cotinga nattererii","COTNAT","",TRUE
"","RUFP","*","Rufous Piha","Lipaugus unirufus","LIPUNI","",TRUE
"","TWBE","","Three-wattled Bellbird","Procnias tricarunculatus","PROTRI","",TRUE
"","BTCO","","Black-tipped Cotinga","Carpodectes hopkei","CARHOP","",TRUE
"","YBCO","","Yellow-billed Cotinga","Carpodectes antoniae","CARANT","",TRUE
"","SNCO","","Snowy Cotinga","Carpodectes nitidus","CARNIT","",TRUE
"","NOSC","","Northern Schiffornis","Schiffornis veraepacis","SCHVER","",TRUE
"","RWSC","","Russet-winged Schiffornis","Schiffornis stenorhyncha","SCHSTE","",TRUE
"","SPMO","","Speckled Mourner","Laniocera rufescens","LANRUF","",TRUE
"","MATI","","Masked Tityra","Tityra semifasciata","TITSEM","",TRUE
"","BCRT","*","Black-crowned Tityra","Tityra inquisitor","TITINQ","",TRUE
"","BABE","","Barred Becard","Pachyramphus versicolor","PACVER","",TRUE
"","CIRB","*","Cinereous Becard","Pachyramphus rufus","PACRUF","",TRUE
"","CIMB","*","Cinnamon Becard","Pachyramphus cinnamomeus","PACCIN","",TRUE
"","WWBE","","White-winged Becard","Pachyramphus polychopterus","PACPOL","",TRUE
"","BAWB","","Black-and-white Becard","Pachyramphus albogriseus","PACALB","",TRUE
"","GCBE","","Gray-collared Becard","Pachyramphus major","PACMAJ","",TRUE
"","RTBE","","Rose-throated Becard","Pachyramphus aglaiae","PACAGL","",TRUE
"","OCBE","","One-colored Becard","Pachyramphus homochrous","PACHOM","",TRUE
"","SHAR","","Sharpbill","Oxyruncus cristatus","OXYCRI","",TRUE
"","ROFL","","Royal Flycatcher","Onychorhynchus coronatus","ONYCOR","",TRUE
"","RDTF","*","Ruddy-tailed Flycatcher","Terenotriccus erythrurus","TERERY","",TRUE
"","TBFL","","Tawny-breasted Flycatcher","Myiobius villosus","MYIVIL","",TRUE
"","SRFL","","Sulphur-rumped Flycatcher","Myiobius sulphureipygius","MYISUL","",TRUE
"","BTFL","","Black-tailed Flycatcher","Myiobius atricaudus","MYIATD","*",TRUE
"","GHPI","","Gray-headed Piprites","Piprites griseiceps","PIPGRI","",TRUE
"","SBTS","*","Stub-tailed Spadebill","Platyrinchus cancrominus","PLACAN","",TRUE
"","WTRS","*","White-throated Spadebill","Platyrinchus mystaceus","PLAMYS","",TRUE
"","GCRS","*","Golden-crowned Spadebill","Platyrinchus coronatus","PLACOR","",TRUE
"","OSTF","*","Olive-striped Flycatcher","Mionectes olivaceus","MIOOLI","",TRUE
"","OBFL","","Ochre-bellied Flycatcher","Mionectes oleagineus","MIOOLE","",TRUE
"","SECF","*","Sepia-capped Flycatcher","Leptopogon amaurocephalus","LEPAMA","",TRUE
"","SLCF","*","Slaty-capped Flycatcher","Leptopogon superciliaris","LEPSUP","",TRUE
"","YGTY","","Yellow-green Tyrannulet","Phylloscartes flavovirens","PHYFLA","",TRUE
"","RBTY","","Rufous-browed Tyrannulet","Phylloscartes superciliaris","PHYSUP","",TRUE
"","BOPT","","Bronze-olive Pygmy-Tyrant","Pseudotriccus pelzelni","PSEPEL","",TRUE
"","BPYT","*","Black-capped Pygmy-Tyrant","Myiornis atricapillus","MYIATP","*",TRUE
"","SCPT","","Scale-crested Pygmy-Tyrant","Lophotriccus pileatus","LOPPIT","*",TRUE
"","PEPT","","Pale-eyed Pygmy-Tyrant","Lophotriccus pilaris","LOPPIR","*",TRUE
"","NOBE","","Northern Bentbill","Oncostoma cinereigulare","ONCCIN","",TRUE
"","SOBE","","Southern Bentbill","Oncostoma olivaceum","ONCOLI","",TRUE
"","SHTF","","Slate-headed Tody-Flycatcher","Poecilotriccus sylvia","POESYL","",TRUE
"","COTF","","Common Tody-Flycatcher","Todirostrum cinereum","TODCIN","",TRUE
"","BHTF","","Black-headed Tody-Flycatcher","Todirostrum nigriceps","TODNIG","",TRUE
"","BRTW","","Brownish Twistwing","Cnipodectes subbrunneus","CNISUB","",TRUE
"","ERFL","","Eye-ringed Flatbill","Rhynchocyclus brevirostris","RHYBRE","",TRUE
"","OLFL","","Olivaceous Flatbill","Rhynchocyclus olivaceus","RHYOLI","",TRUE
"","YOFL","","Yellow-olive Flycatcher","Tolmomyias sulphurescens","TOLSUL","",TRUE
"","YMFL","","Yellow-margined Flycatcher","Tolmomyias assimilis","TOLASS","",TRUE
"","YBTY","","Yellow-bellied Tyrannulet","Ornithion semiflavum","ORNSEM","",TRUE
"","BCTY","","Brown-capped Tyrannulet","Ornithion brunneicapillus","ORNBRU","",TRUE
"","NOBT","","Northern Beardless-Tyrannulet","Camptostoma imberbe","CAMIMB","",TRUE
"","SOBT","","Southern Beardless-Tyrannulet","Camptostoma obsoletum","CAMOBS","",TRUE
"","COCF","*","Cocos Flycatcher","Nesotriccus ridgwayi","NESRID","",TRUE
"","MCTY","","Mouse-colored Tyrannulet","Nesotriccus murinus","NESMUR","",TRUE
"","YETY","","Yellow Tyrannulet","Capsiempis flaveola","CAPFLA","",TRUE
"","YCTY","","Yellow-crowned Tyrannulet","Tyrannulus elatus","TYRELA","",TRUE
"","FOEL","","Forest Elaenia","Myiopagis gaimardii","MYIGAI","",TRUE
"","GRAE","*","Gray Elaenia","Myiopagis caniceps","MYICAN","",TRUE
"","GREL","","Greenish Elaenia","Myiopagis viridicata","MYIVIR","",TRUE
"","CAEL","","Caribbean Elaenia","Elaenia martinica","ELAMAR","",TRUE
"","YBEL","","Yellow-bellied Elaenia","Elaenia flavogaster","ELAFLA","",TRUE
"","LEEL","","Lesser Elaenia","Elaenia chiriquensis","ELACHI","",TRUE
"","MOEL","","Mountain Elaenia","Elaenia frantzii","ELAFRA","",TRUE
"","TOTY","","Torrent Tyrannulet","Serpophaga cinerea","SERCIN","",TRUE
"","RLTY","","Rough-legged Tyrannulet","Phyllomyias burmeisteri","PHYBUR","",TRUE
"","BRAT","","Bright-rumped Attila","Attila spadiceus","ATTSPA","",TRUE
"","CHSI","","Choco Sirystes","Sirystes albogriseus","SIRALB","",TRUE
"","RMOU","*","Rufous Mourner","Rhytipterna holerythra","RHYHOL","",TRUE
"","YUFL","","Yucatan Flycatcher","Myiarchus yucatanensis","MYIYUC","",TRUE
"","DCFL","","Dusky-capped Flycatcher","Myiarchus tuberculifer","MYITUB","",TRUE
"","PAFL","","Panama Flycatcher","Myiarchus panamensis","MYIPAN","",TRUE
"","ATFL","","Ash-throated Flycatcher","Myiarchus cinerascens","MYICIN","",TRUE
"","NUFL","","Nutting's Flycatcher","Myiarchus nuttingi","MYINUT","",TRUE
"","GCFL","","Great Crested Flycatcher","Myiarchus crinitus","MYICRI","",TRUE
"","BCFL","","Brown-crested Flycatcher","Myiarchus tyrannulus","MYITYR","",TRUE
"","FLFL","","Flammulated Flycatcher","Deltarhynchus flammulatus","DELFLA","",TRUE
"","LEKI","","Lesser Kiskadee","Pitangus lictor","PITLIC","",TRUE
"","GKIS","*","Great Kiskadee","Pitangus sulphuratus","PITSUL","",TRUE
"","CATY","","Cattle Tyrant","Machetornis rixosa","MACRIX","",TRUE
"","BOBF","*","Boat-billed Flycatcher","Megarynchus pitangua","MEGPIT","",TRUE
"","RMFL","","Rusty-margined Flycatcher","Myiozetetes cayanensis","MYICAY","",TRUE
"","SOFL","","Social Flycatcher","Myiozetetes similis","MYISIM","",TRUE
"","GCAF","*","Gray-capped Flycatcher","Myiozetetes granadensis","MYIGRA","",TRUE
"","WRFL","","White-ringed Flycatcher","Conopias albovittatus","CONALB","",TRUE
"","GBFL","","Golden-bellied Flycatcher","Myiodynastes hemichrysus","MYIHEM","",TRUE
"","GOCF","*","Golden-crowned Flycatcher","Myiodynastes chrysocephalus","MYICHR","",TRUE
"","STRF","*","Streaked Flycatcher","Myiodynastes maculatus","MYIMAC","",TRUE
"","SBFL","","Sulphur-bellied Flycatcher","Myiodynastes luteiventris","MYILUT","",TRUE
"","PIRF","*","Piratic Flycatcher","Legatus leucophaius","LEGLEU","",TRUE
"","TRKI","","Tropical Kingbird","Tyrannus melancholicus","TYRMEL","",TRUE
"","COKI","","Couch's Kingbird","Tyrannus couchii","TYRCOU","",TRUE
"","CAKI","","Cassin's Kingbird","Tyrannus vociferans","TYRVOC","",TRUE
"","TBKI","","Thick-billed Kingbird","Tyrannus crassirostris","TYRCRA","",TRUE
"","WEKI","","Western Kingbird","Tyrannus verticalis","TYRVER","",TRUE
"","EAKI","","Eastern Kingbird","Tyrannus tyrannus","TYRTYR","",TRUE
"","GRAK","*","Gray Kingbird","Tyrannus dominicensis","TYRDOM","",TRUE
"","STFL","","Scissor-tailed Flycatcher","Tyrannus forficatus","TYRFOR","",TRUE
"","FTFL","","Fork-tailed Flycatcher","Tyrannus savana","TYRSAV","",TRUE
"","BCOF","*","Bran-colored Flycatcher","Myiophobus fasciatus","MYIFAS","",TRUE
"","TCFL","","Tawny-chested Flycatcher","Aphanotriccus capitalis","APHCAP","",TRUE
"","BLBF","*","Black-billed Flycatcher","Aphanotriccus audax","APHAUD","",TRUE
"","BEFL","","Belted Flycatcher","Xenotriccus callizonus","XENCAL","",TRUE
"","PILF","*","Pileated Flycatcher","Xenotriccus mexicanus","XENMEX","",TRUE
"","TUFL","","Tufted Flycatcher","Mitrephanes phaeocercus","MITPHA","",TRUE
"","OSFL","","Olive-sided Flycatcher","Contopus cooperi","CONCOO","",TRUE
"","GRPE","","Greater Pewee","Contopus pertinax","CONPER","",TRUE
"","DAPE","","Dark Pewee","Contopus lugubris","CONLUG","",TRUE
"","OCPE","","Ochraceous Pewee","Contopus ochraceus","CONOCH","",TRUE
"","WEWP","","Western Wood-Pewee","Contopus sordidulus","CONSOR","",TRUE
"","EAWP","","Eastern Wood-Pewee","Contopus virens","CONVIR","",TRUE
"","TROP","*","Tropical Pewee","Contopus cinereus","CONCIN","",TRUE
"","YBFL","","Yellow-bellied Flycatcher","Empidonax flaviventris","EMPFLT","*",TRUE
"","ACFL","","Acadian Flycatcher","Empidonax virescens","EMPVIR","",TRUE
"","ALFL","","Alder Flycatcher","Empidonax alnorum","EMPALN","",TRUE
"","WIFL","","Willow Flycatcher","Empidonax traillii","EMPTRA","",TRUE
"","WTFL","","White-throated Flycatcher","Empidonax albigularis","EMPALB","",TRUE
"","LEFL","","Least Flycatcher","Empidonax minimus","EMPMIN","",TRUE
"","HAFL","","Hammond's Flycatcher","Empidonax hammondii","EMPHAM","",TRUE
"","GRFL","","Gray Flycatcher","Empidonax wrightii","EMPWRI","",TRUE
"","DUFL","","Dusky Flycatcher","Empidonax oberholseri","EMPOBE","",TRUE
"","PINF","*","Pine Flycatcher","Empidonax affinis","EMPAFF","",TRUE
"","PSFL","","Pacific-slope Flycatcher","Empidonax difficilis","EMPDIF","",TRUE
"","COFL","","Cordilleran Flycatcher","Empidonax occidentalis","EMPOCC","",TRUE
"","YEFL","","Yellowish Flycatcher","Empidonax flavescens","EMPFLC","*",TRUE
"","BBFL","","Buff-breasted Flycatcher","Empidonax fulvifrons","EMPFUL","",TRUE
"","BCAF","*","Black-capped Flycatcher","Empidonax atriceps","EMPATR","",TRUE
"","BLPH","","Black Phoebe","Sayornis nigricans","SAYNIG","",TRUE
"","EAPH","","Eastern Phoebe","Sayornis phoebe","SAYPHO","",TRUE
"","SAPH","","Say's Phoebe","Sayornis saya","SAYSAY","",TRUE
"","VEFL","","Vermilion Flycatcher","Pyrocephalus rubinus","PYRRUB","",TRUE
"","PIWT","","Pied Water-Tyrant","Fluvicola pica","FLUPIC","",TRUE
"","NOSF","","Northern Scrub-Flycatcher","Sublegatus arenarum","SUBARE","",TRUE
"","LTTY","","Long-tailed Tyrant","Colonia colonus","COLCOL","",TRUE
"","LOSH","","Loggerhead Shrike","Lanius ludovicianus","LANLUD","",TRUE
"","NSHR","*","Northern Shrike","Lanius borealis","LANBOR","",TRUE
"","RBPE","","Rufous-browed Peppershrike","Cyclarhis gujanensis","CYCGUJ","",TRUE
"","SCRG","*","Scrub Greenlet","Hylophilus flavipes","HYLFLA","",TRUE
"","CSSV","","Chestnut-sided Shrike-Vireo","Vireolanius melitophrys","VIRMEL","",TRUE
"","GRSV","","Green Shrike-Vireo","Vireolanius pulchellus","VIRPUL","",TRUE
"","YBSV","","Yellow-browed Shrike-Vireo","Vireolanius eximius","VIREXI","",TRUE
"","TCGR","","Tawny-crowned Greenlet","Tunchiornis ochraceiceps","TUNOCH","",TRUE
"","LESG","*","Lesser Greenlet","Pachysylvia decurtata","PACDEC","",TRUE
"","GFGR","","Golden-fronted Greenlet","Pachysylvia aurantiifrons","PACAUR","",TRUE
"","GOVI","","Golden Vireo","Vireo hypochryseus","VIRHYP","",TRUE
"","SLVI","","Slaty Vireo","Vireo brevipennis","VIRBRE","",TRUE
"","BCVI","","Black-capped Vireo","Vireo atricapilla","VIRATR","",TRUE
"","DWVI","","Dwarf Vireo","Vireo nelsoni","VIRNEL","",TRUE
"","WEVI","","White-eyed Vireo","Vireo griseus","VIRGRI","",TRUE
"","MAVI","","Mangrove Vireo","Vireo pallens","VIRPAL","",TRUE
"","COVI","","Cozumel Vireo","Vireo bairdi","VIRBAI","",TRUE
"","BEVI","","Bell's Vireo","Vireo bellii","VIRBEL","",TRUE
"","GRVI","","Gray Vireo","Vireo vicinior","VIRVIC","",TRUE
"","HUVI","","Hutton's Vireo","Vireo huttoni","VIRHUT","",TRUE
"","YTVI","","Yellow-throated Vireo","Vireo flavifrons","VIRFLF","*",TRUE
"","YWVI","","Yellow-winged Vireo","Vireo carmioli","VIRCAM","*",TRUE
"","CAVI","","Cassin's Vireo","Vireo cassinii","VIRCAS","",TRUE
"","BHVI","","Blue-headed Vireo","Vireo solitarius","VIRSOL","",TRUE
"","PLVI","","Plumbeous Vireo","Vireo plumbeus","VIRPLU","",TRUE
"","PHVI","","Philadelphia Vireo","Vireo philadelphicus","VIRPHI","",TRUE
"","WAVI","","Warbling Vireo","Vireo gilvus","VIRGIL","",TRUE
"","BCAV","*","Brown-capped Vireo","Vireo leucophrys","VIRLEU","",TRUE
"","REVI","","Red-eyed Vireo","Vireo olivaceus","VIROLI","",TRUE
"","YGVI","","Yellow-green Vireo","Vireo flavoviridis","VIRFLD","*",TRUE
"","BWVI","","Black-whiskered Vireo","Vireo altiloquus","VIRALT","",TRUE
"","YUVI","","Yucatan Vireo","Vireo magister","VIRMAG","",TRUE
"","CAJA","","Canada Jay","Perisoreus canadensis","PERCAN","",TRUE
"","WTJA","","White-throated Jay","Cyanolyca mirabilis","CYAMIR","",TRUE
"","DWJA","","Dwarf Jay","Cyanolyca nanus","CYANAN","",TRUE
"","BTJA","","Black-throated Jay","Cyanolyca pumilo","CYAPUM","",TRUE
"","STHJ","*","Silvery-throated Jay","Cyanolyca argentigula","CYAARG","",TRUE
"","AHJA","","Azure-hooded Jay","Cyanolyca cucullata","CYACUC","",TRUE
"","BTMJ","","Black-throated Magpie-Jay","Calocitta colliei","CALCOL","",TRUE
"","WTMJ","","White-throated Magpie-Jay","Calocitta formosa","CALFOR","",TRUE
"","BRJA","","Brown Jay","Psilorhinus morio","PSIMOR","",TRUE
"","TUJA","","Tufted Jay","Cyanocorax dickeyi","CYADIC","",TRUE
"","BCHJ","*","Black-chested Jay","Cyanocorax affinis","CYAAFF","",TRUE
"","GRJA","","Green Jay","Cyanocorax yncas","CYAYNC","",TRUE
"","BCRJ","*","Bushy-crested Jay","Cyanocorax melanocyaneus","CYAMEL","",TRUE
"","SBJA","","San Blas Jay","Cyanocorax sanblasianus","CYASAN","",TRUE
"","YUJA","","Yucatan Jay","Cyanocorax yucatanicus","CYAYUC","",TRUE
"","PBJA","","Purplish-backed Jay","Cyanocorax beecheii","CYABEE","",TRUE
"","PIJA","","Pinyon Jay","Gymnorhinus cyanocephalus","GYMCYA","",TRUE
"","STJA","","Steller's Jay","Cyanocitta stelleri","CYASTE","",TRUE
"","BLJA","","Blue Jay","Cyanocitta cristata","CYACRI","",TRUE
"","FLSJ","","Florida Scrub-Jay","Aphelocoma coerulescens","APHCOE","",TRUE
"","ISSJ","","Island Scrub-Jay","Aphelocoma insularis","APHINS","",TRUE
"","CASJ","","California Scrub-Jay","Aphelocoma californica","APHCAL","",TRUE
"","WOSJ","","Woodhouse's Scrub-Jay","Aphelocoma woodhouseii","APHWOO","",TRUE
"","TRJA","","Transvolcanic Jay","Aphelocoma ultramarina","APHULT","",TRUE
"","MEJA","","Mexican Jay","Aphelocoma wollweberi","APHWOL","",TRUE
"","UNJA","","Unicolored Jay","Aphelocoma unicolor","APHUNI","",TRUE
"","CLNU","","Clark's Nutcracker","Nucifraga columbiana","NUCCOL","",TRUE
"","BBMA","","Black-billed Magpie","Pica hudsonia","PICHUD","",TRUE
"","YBMA","","Yellow-billed Magpie","Pica nuttalli","PICNUT","",TRUE
"","AMCR","","American Crow","Corvus brachyrhynchos","CORBRA","",TRUE
"","TACR","","Tamaulipas Crow","Corvus imparatus","CORIMP","",TRUE
"","SICR","","Sinaloa Crow","Corvus sinaloae","CORSIN","",TRUE
"","FICR","","Fish Crow","Corvus ossifragus","COROSS","",TRUE
"","CHRA","","Chihuahuan Raven","Corvus cryptoleucus","CORCRY","",TRUE
"","CORA","","Common Raven","Corvus corax","CORCOX","*",TRUE
"","EUSK","","Eurasian Skylark","Alauda arvensis","ALAARV","",TRUE
"","HOLA","","Horned Lark","Eremophila alpestris","EREALP","",TRUE
"","BANS","*","Bank Swallow","Riparia riparia","RIPRIP","",TRUE
"","TRES","*","Tree Swallow","Tachycineta bicolor","TACBIC","",TRUE
"","VGSW","","Violet-green Swallow","Tachycineta thalassina","TACTHA","",TRUE
"","MANS","*","Mangrove Swallow","Tachycineta albilinea","TACALB","",TRUE
"","BCSW","","Black-capped Swallow","Atticora pileata","ATTPIL","",TRUE
"","WTGS","*","White-thighed Swallow","Atticora tibialis","ATTTIB","",TRUE
"","BAWS","","Blue-and-white Swallow","Pygochelidon cyanoleuca","PYGCYA","",TRUE
"","NRWS","","Northern Rough-winged Swallow","Stelgidopteryx serripennis","STESER","",TRUE
"","SRWS","","Southern Rough-winged Swallow","Stelgidopteryx ruficollis","STERUF","",TRUE
"","BCMA","","Brown-chested Martin","Progne tapera","PROTAP","",TRUE
"","PUMA","","Purple Martin","Progne subis","PROSUB","",TRUE
"","GYBM","*","Gray-breasted Martin","Progne chalybea","PROCHA","",TRUE
"","SIMA","","Sinaloa Martin","Progne sinaloae","PROSIN","",TRUE
"","BARS","*","Barn Swallow","Hirundo rustica","HIRRUS","",TRUE
"","CLSW","","Cliff Swallow","Petrochelidon pyrrhonota","PETPYR","",TRUE
"","CASW","","Cave Swallow","Petrochelidon fulva","PETFUL","",TRUE
"","CACH","","Carolina Chickadee","Poecile carolinensis","POECAR","",TRUE
"","BCCH","","Black-capped Chickadee","Poecile atricapillus","POEATR","",TRUE
"","MOCH","","Mountain Chickadee","Poecile gambeli","POEGAM","",TRUE
"","MECH","","Mexican Chickadee","Poecile sclateri","POESCL","",TRUE
"","CBCH","","Chestnut-backed Chickadee","Poecile rufescens","POERUF","",TRUE
"","BOCH","","Boreal Chickadee","Poecile hudsonicus","POEHUD","",TRUE
"","GHCH","","Gray-headed Chickadee","Poecile cinctus","POECIN","",TRUE
"","BRTI","","Bridled Titmouse","Baeolophus wollweberi","BAEWOL","",TRUE
"","OATI","","Oak Titmouse","Baeolophus inornatus","BAEINO","",TRUE
"","JUTI","","Juniper Titmouse","Baeolophus ridgwayi","BAERID","",TRUE
"","TUTI","","Tufted Titmouse","Baeolophus bicolor","BAEBIC","",TRUE
"","BCTI","","Black-crested Titmouse","Baeolophus atricristatus","BAEATR","",TRUE
"","VERD","","Verdin","Auriparus flaviceps","AURFLA","",TRUE
"","BUSH","","Bushtit","Psaltriparus minimus","PSAMIN","",TRUE
"","RBNU","","Red-breasted Nuthatch","Sitta canadensis","SITCAN","",TRUE
"","WBNU","","White-breasted Nuthatch","Sitta carolinensis","SITCAR","",TRUE
"","PYNU","","Pygmy Nuthatch","Sitta pygmaea","SITPYG","",TRUE
"","BHNU","","Brown-headed Nuthatch","Sitta pusilla","SITPUS","",TRUE
"","BRCR","","Brown Creeper","Certhia americana","CERAME","",TRUE
"","ROWR","","Rock Wren","Salpinctes obsoletus","SALOBS","",TRUE
"","NIWR","","Nightingale Wren","Microcerculus philomela","MICPHI","",TRUE
"","SCBW","*","Scaly-breasted Wren","Microcerculus marginatus","MICMAR","",TRUE
"","CANW","*","Canyon Wren","Catherpes mexicanus","CAPMEX","*",TRUE
"","SUWR","","Sumichrast's Wren","Hylorchilus sumichrasti","HYLSUM","",TRUE
"","NAWR","","Nava's Wren","Hylorchilus navai","HYLNAV","",TRUE
"","HOWR","","House Wren","Troglodytes aedon","TROAED","",TRUE
"","SOCW","*","Socorro Wren","Troglodytes sissonii","TROSIS","",TRUE
"","CLWR","","Clarion Wren","Troglodytes tanneri","TROTAN","",TRUE
"","RBWW","*","Rufous-browed Wren","Troglodytes rufociliatus","TRORUC","*",TRUE
"","OCWR","","Ochraceous Wren","Troglodytes ochraceus","TROOCH","",TRUE
"","PAWR","","Pacific Wren","Troglodytes pacificus","TROPAC","",TRUE
"","WIWR","","Winter Wren","Troglodytes hiemalis","TROHIE","",TRUE
"","TIWR","","Timberline Wren","Thryorchilus browni","THRBRO","",TRUE
"","SEWR","","Sedge Wren","Cistothorus platensis","CISPLA","",TRUE
"","MAWR","","Marsh Wren","Cistothorus palustris","CISPAL","",TRUE
"","CARW","*","Carolina Wren","Thryothorus ludovicianus","THRLUD","",TRUE
"","BEWR","","Bewick's Wren","Thryomanes bewickii","THRBEW","",TRUE
"","WHWR","","White-headed Wren","Campylorhynchus albobrunneus","CAMALB","",TRUE
"","BABW","*","Band-backed Wren","Campylorhynchus zonatus","CAMZON","",TRUE
"","GBWR","","Gray-barred Wren","Campylorhynchus megalopterus","CAMMEG","",TRUE
"","GIWR","","Giant Wren","Campylorhynchus chiapensis","CAMCHI","",TRUE
"","RNAW","*","Rufous-naped Wren","Campylorhynchus rufinucha","CAMRUF","",TRUE
"","SPWR","","Spotted Wren","Campylorhynchus gularis","CAMGUL","",TRUE
"","BOWR","","Boucard's Wren","Campylorhynchus jocosus","CAMJOC","",TRUE
"","YUWR","","Yucatan Wren","Campylorhynchus yucatanicus","CAMYUC","",TRUE
"","CACW","*","Cactus Wren","Campylorhynchus brunneicapillus","CAMBRU","",TRUE
"","SHWR","","Sooty-headed Wren","Pheugopedius spadix","PHESPA","",TRUE
"","BTWR","","Black-throated Wren","Pheugopedius atrogularis","PHEATR","",TRUE
"","RBSW","*","Rufous-breasted Wren","Pheugopedius rutilus","PHERUT","",TRUE
"","SBSW","*","Spot-breasted Wren","Pheugopedius maculipectus","PHEMAC","",TRUE
"","HAWR","","Happy Wren","Pheugopedius felix","PHEFEL","",TRUE
"","BBEW","*","Black-bellied Wren","Pheugopedius fasciatoventris","PHEFAS","",TRUE
"","RAWW","","Rufous-and-white Wren","Thryophilus rufalbus","THRRUL","*",TRUE
"","SIWR","","Sinaloa Wren","Thryophilus sinaloa","THRSIN","",TRUE
"","BANW","*","Banded Wren","Thryophilus pleurostictus","THRPLE","",TRUE
"","STWR","","Stripe-throated Wren","Cantorchilus leucopogon","CANLEP","*",TRUE
"","SIBW","*","Stripe-breasted Wren","Cantorchilus thoracicus","CANTHO","",TRUE
"","CABW","*","Cabanis's Wren","Cantorchilus modestus","CANMOD","",TRUE
"","CAKW","*","Canebrake Wren","Cantorchilus zeledoni","CANZEL","",TRUE
"","ISWR","","Isthmian Wren","Cantorchilus elutus","CANELU","",TRUE
"","BAYW","*","Bay Wren","Cantorchilus nigricapillus","CANNIG","",TRUE
"","RIWR","","Riverside Wren","Cantorchilus semibadius","CANSEM","",TRUE
"","BBRW","*","Buff-breasted Wren","Cantorchilus leucotis","CANLET","*",TRUE
"","WBWR","","White-bellied Wren","Uropsila leucogastra","UROLEU","",TRUE
"","WBWW","","White-breasted Wood-Wren","Henicorhina leucosticta","HENLES","*",TRUE
"","GBWW","","Gray-breasted Wood-Wren","Henicorhina leucophrys","HENLEP","*",TRUE
"","SONW","*","Song Wren","Cyphorhinus phaeocephalus","CYPPHA","",TRUE
"","TFGN","","Tawny-faced Gnatwren","Microbates cinereiventris","MICCIN","",TRUE
"","LBGN","","Long-billed Gnatwren","Ramphocaenus melanurus","RAMMEL","",TRUE
"","BGGN","","Blue-gray Gnatcatcher","Polioptila caerulea","POLCAE","",TRUE
"","CAGN","","California Gnatcatcher","Polioptila californica","POLCAL","",TRUE
"","BTGN","","Black-tailed Gnatcatcher","Polioptila melanura","POLMEL","",TRUE
"","BCGN","","Black-capped Gnatcatcher","Polioptila nigriceps","POLNIG","",TRUE
"","WLGN","","White-lored Gnatcatcher","Polioptila albiloris","POLALL","*",TRUE
"","YUGN","","Yucatan Gnatcatcher","Polioptila albiventris","POLALV","*",TRUE
"","TRGN","","Tropical Gnatcatcher","Polioptila plumbea","POLPLU","",TRUE
"","STGN","","Slate-throated Gnatcatcher","Polioptila schistaceigula","POLSCH","",TRUE
"","AMDI","","American Dipper","Cinclus mexicanus","CINMEX","",TRUE
"","GCKI","","Golden-crowned Kinglet","Regulus satrapa","REGSAT","",TRUE
"","RCKI","","Ruby-crowned Kinglet","Regulus calendula","REGCAL","",TRUE
"","ARWA","","Arctic Warbler","Phylloscopus borealis","PHYBOR","",TRUE
"","WREN","","Wrentit","Chamaea fasciata","CHAFAS","",TRUE
"","BCDO","","Black-capped Donacobius","Donacobius atricapilla","DONATR","",TRUE
"","BLUE","","Bluethroat","Cyanecula svecica","CYASVE","",TRUE
"","NOWH","","Northern Wheatear","Oenanthe oenanthe","OENOEN","",TRUE
"","EABL","","Eastern Bluebird","Sialia sialis","SIASIA","",TRUE
"","WEBL","","Western Bluebird","Sialia mexicana","SIAMEX","",TRUE
"","MOBL","","Mountain Bluebird","Sialia currucoides","SIACUR","",TRUE
"","TOSO","","Townsend's Solitaire","Myadestes townsendi","MYATOW","",TRUE
"","BBSO","","Brown-backed Solitaire","Myadestes occidentalis","MYAOCC","",TRUE
"","BFSO","","Black-faced Solitaire","Myadestes melanops","MYAMEL","",TRUE
"","VASO","","Varied Solitaire","Myadestes coloratus","MYACOL","",TRUE
"","SCSO","","Slate-colored Solitaire","Myadestes unicolor","MYAUNI","",TRUE
"","BBNT","","Black-billed Nightingale-Thrush","Catharus gracilirostris","CATGRA","",TRUE
"","OBNT","","Orange-billed Nightingale-Thrush","Catharus aurantiirostris","CATAUN","*",TRUE
"","SBNT","","Slaty-backed Nightingale-Thrush","Catharus fuscater","CATFUT","*",TRUE
"","RUNT","","Russet Nightingale-Thrush","Catharus occidentalis","CATOCC","",TRUE
"","RCNT","","Ruddy-capped Nightingale-Thrush","Catharus frantzii","CATFRA","",TRUE
"","BHNT","","Black-headed Nightingale-Thrush","Catharus mexicanus","CASMEX","*",TRUE
"","SPNT","","Spotted Nightingale-Thrush","Catharus dryas","CATDRY","",TRUE
"","VEER","","Veery","Catharus fuscescens","CATFUN","*",TRUE
"","GCTH","","Gray-cheeked Thrush","Catharus minimus","CATMIN","",TRUE
"","BITH","","Bicknell's Thrush","Catharus bicknelli","CATBIC","",TRUE
"","SWTH","","Swainson's Thrush","Catharus ustulatus","CATUST","",TRUE
"","HETH","","Hermit Thrush","Catharus guttatus","CATGUT","",TRUE
"","WOTH","","Wood Thrush","Hylocichla mustelina","HYLMUS","",TRUE
"","SOOT","*","Sooty Thrush","Turdus nigrescens","TURNIG","",TRUE
"","BLTH","","Black Thrush","Turdus infuscatus","TURINF","",TRUE
"","MOTH","","Mountain Thrush","Turdus plebejus","TURPLE","",TRUE
"","PVTH","","Pale-vented Thrush","Turdus obsoletus","TUROBL","*",TRUE
"","CCTH","","Clay-colored Thrush","Turdus grayi","TURGRA","",TRUE
"","WTTH","","White-throated Thrush","Turdus assimilis","TURASS","",TRUE
"","RBRO","","Rufous-backed Robin","Turdus rufopalliatus","TURRUP","*",TRUE
"","RCRO","","Rufous-collared Robin","Turdus rufitorques","TURRUT","*",TRUE
"","AMRO","","American Robin","Turdus migratorius","TURMIG","",TRUE
"","VATH","","Varied Thrush","Ixoreus naevius","IXONAE","",TRUE
"","AZTH","","Aztec Thrush","Ridgwayia pinicola","RIDPIN","",TRUE
"","BLMO","","Blue Mockingbird","Melanotis caerulescens","MELCAE","",TRUE
"","BAWM","","Blue-and-white Mockingbird","Melanotis hypoleucus","MELHYC","*",TRUE
"","BLCA","","Black Catbird","Melanoptila glabrirostris","MELGLA","",TRUE
"","GRCA","","Gray Catbird","Dumetella carolinensis","DUMCAR","",TRUE
"","CBTH","","Curve-billed Thrasher","Toxostoma curvirostre","TOXCUR","",TRUE
"","OCTH","","Ocellated Thrasher","Toxostoma ocellatum","TOXOCE","",TRUE
"","BRTH","","Brown Thrasher","Toxostoma rufum","TOXRUF","",TRUE
"","LBTH","","Long-billed Thrasher","Toxostoma longirostre","TOXLON","",TRUE
"","COZT","*","Cozumel Thrasher","Toxostoma guttatum","TOXGUT","",TRUE
"","BETH","","Bendire's Thrasher","Toxostoma bendirei","TOXBEN","",TRUE
"","GRAT","*","Gray Thrasher","Toxostoma cinereum","TOXCIN","",TRUE
"","CATH","","California Thrasher","Toxostoma redivivum","TOXRED","",TRUE
"","LCTH","","LeConte's Thrasher","Toxostoma lecontei","TOXLEC","",TRUE
"","CRTH","","Crissal Thrasher","Toxostoma crissale","TOXCRI","",TRUE
"","SATH","","Sage Thrasher","Oreoscoptes montanus","OREMON","",TRUE
"","SOMO","","Socorro Mockingbird","Mimus graysoni","MIMGRA","",TRUE
"","TRMO","","Tropical Mockingbird","Mimus gilvus","MIMGIL","",TRUE
"","NOMO","","Northern Mockingbird","Mimus polyglottos","MIMPOL","",TRUE
"","EUST","","European Starling","Sturnus vulgaris","STUVUL","",TRUE
"","COMY","","Common Myna","Acridotheres tristis","ACRTRI","",TRUE
"","BOWA","","Bohemian Waxwing","Bombycilla garrulus","BOMGAR","",TRUE
"","CEDW","*","Cedar Waxwing","Bombycilla cedrorum","BOMCED","",TRUE
"","BAYS","","Black-and-yellow Silky-flycatcher","Phainoptila melanoxantha","PHAMEL","",TRUE
"","GRSF","","Gray Silky-flycatcher","Ptiliogonys cinereus","PTICIN","",TRUE
"","LTSF","","Long-tailed Silky-flycatcher","Ptiliogonys caudatus","PTICAU","",TRUE
"","PHAI","","Phainopepla","Phainopepla nitens","PHANIT","",TRUE
"","OLWA","","Olive Warbler","Peucedramus taeniatus","PEUTAE","",TRUE
"","SBMU","","Scaly-breasted Munia","Lonchura punctulata","LONPUN","",TRUE
"","TRMU","","Tricolored Munia","Lonchura malacca","LONMAL","",TRUE
"","HOSP","","House Sparrow","Passer domesticus","PASDOM","",TRUE
"","ETSP","","Eurasian Tree Sparrow","Passer montanus","PASMON","",TRUE
"","EYWA","","Eastern Yellow Wagtail","Motacilla tschutschensis","MOTTSC","",TRUE
"","WHWA","","White Wagtail","Motacilla alba","MOTALB","",TRUE
"","RTPI","","Red-throated Pipit","Anthus cervinus","ANTCER","",TRUE
"","AMPI","","American Pipit","Anthus rubescens","ANTRUB","",TRUE
"","SPPI","","Sprague's Pipit","Anthus spragueii","ANTSPR","",TRUE
"","YEPI","","Yellowish Pipit","Anthus lutescens","ANTLUT","",TRUE
"","BCRC","*","Blue-crowned Chlorophonia","Chlorophonia occipitalis","CHLOCC","",TRUE
"","GBCH","","Golden-browed Chlorophonia","Chlorophonia callophrys","CHLCAL","",TRUE
"","SEUP","*","Scrub Euphonia","Euphonia affinis","EUPAFF","",TRUE
"","YCEU","","Yellow-crowned Euphonia","Euphonia luteicapilla","EUPLUT","",TRUE
"","TBEU","","Thick-billed Euphonia","Euphonia laniirostris","EUPLAN","",TRUE
"","YTEU","","Yellow-throated Euphonia","Euphonia hirundinacea","EUPHIR","",TRUE
"","ELEU","","Elegant Euphonia","Euphonia elegantissima","EUPELE","",TRUE
"","FVEU","","Fulvous-vented Euphonia","Euphonia fulvicrissa","EUPFUL","",TRUE
"","SPCE","*","Spot-crowned Euphonia","Euphonia imitans","EUPIMI","",TRUE
"","OBAE","*","Olive-backed Euphonia","Euphonia gouldi","EUPGOU","",TRUE
"","WVEU","","White-vented Euphonia","Euphonia minuta","EUPMIN","",TRUE
"","TCEU","","Tawny-capped Euphonia","Euphonia anneae","EUPANN","",TRUE
"","OBEE","*","Orange-bellied Euphonia","Euphonia xanthogaster","EUPXAN","",TRUE
"","HOOG","*","Hooded Grosbeak","Coccothraustes abeillei","COCABE","",TRUE
"","EVGR","","Evening Grosbeak","Coccothraustes vespertinus","COCVES","",TRUE
"","PIGR","","Pine Grosbeak","Pinicola enucleator","PINENU","",TRUE
"","GCRF","","Gray-crowned Rosy-Finch","Leucosticte tephrocotis","LEUTEP","",TRUE
"","BLRF","","Black Rosy-Finch","Leucosticte atrata","LEUATT","*",TRUE
"","BCRF","","Brown-capped Rosy-Finch","Leucosticte australis","LEUAUS","",TRUE
"","HOFI","","House Finch","Haemorhous mexicanus","HAEMEX","",TRUE
"","PUFI","","Purple Finch","Haemorhous purpureus","HAEPUR","",TRUE
"","CAFI","","Cassin's Finch","Haemorhous cassinii","HAECAS","",TRUE
"","CORE","","Common Redpoll","Acanthis flammea","ACAFLA","",TRUE
"","HORE","","Hoary Redpoll","Acanthis hornemanni","ACAHOR","",TRUE
"","RECR","","Red Crossbill","Loxia curvirostra","LOXCUR","",TRUE
"","CACR","","Cassia Crossbill","Loxia sinesciuris","LOXSIN","",TRUE
"","WWCR","","White-winged Crossbill","Loxia leucoptera","LOXLEU","",TRUE
"","PISI","","Pine Siskin","Spinus pinus","SPIPIN","",TRUE
"","BCSI","","Black-capped Siskin","Spinus atriceps","SPIATC","*",TRUE
"","BHSI","","Black-headed Siskin","Spinus notatus","SPINOT","",TRUE
"","YBSI","","Yellow-bellied Siskin","Spinus xanthogastrus","SPIXAN","",TRUE
"","LEGO","","Lesser Goldfinch","Spinus psaltria","SPIPSA","",TRUE
"","LAGO","","Lawrence's Goldfinch","Spinus lawrencei","SPILAW","",TRUE
"","AMGO","","American Goldfinch","Spinus tristis","SPITRI","",TRUE
"","LALO","","Lapland Longspur","Calcarius lapponicus","CALLAP","",TRUE
"","CCLO","","Chestnut-collared Longspur","Calcarius ornatus","CALORN","",TRUE
"","SMLO","","Smith's Longspur","Calcarius pictus","CALPIC","",TRUE
"","TBLO","","Thick-billed Longspur","Rhynchophanes mccownii","RHYMCC","",TRUE
"","SNBU","","Snow Bunting","Plectrophenax nivalis","PLENIV","",TRUE
"","MKBU","","McKay's Bunting","Plectrophenax hyperboreus","PLEHYP","",TRUE
"","ROTT","","Rosy Thrush-Tanager","Rhodinocichla rosea","RHNROS","*",TRUE
"","YTCH","","Yellow-throated Chlorospingus","Chlorospingus flavigularis","CHLFLG","*",TRUE
"","ATCH","","Ashy-throated Chlorospingus","Chlorospingus canigularis","CHLCAG","*",TRUE
"","SCCH","","Sooty-capped Chlorospingus","Chlorospingus pileatus","CHLPIL","",TRUE
"","COCL","*","Common Chlorospingus","Chlorospingus flavopectus","CHLFLP","*",TRUE
"","TACH","","Tacarcuna Chlorospingus","Chlorospingus tacarcunae","CHLTAC","",TRUE
"","PICH","","Pirre Chlorospingus","Chlorospingus inornatus","CHLINO","",TRUE
"","RWSP","","Rufous-winged Sparrow","Peucaea carpalis","PEUCAR","",TRUE
"","CTSP","","Cinnamon-tailed Sparrow","Peucaea sumichrasti","PEUSUM","",TRUE
"","SHSP","","Stripe-headed Sparrow","Peucaea ruficauda","PEURUF","",TRUE
"","BCHS","*","Black-chested Sparrow","Peucaea humeralis","PEUHUM","",TRUE
"","BRIS","*","Bridled Sparrow","Peucaea mystacalis","PEUMYS","",TRUE
"","BOSP","","Botteri's Sparrow","Peucaea botterii","PEUBOT","",TRUE
"","CASP","","Cassin's Sparrow","Peucaea cassinii","PEUCAS","",TRUE
"","BACS","*","Bachman's Sparrow","Peucaea aestivalis","PEUAES","",TRUE
"","GRSP","","Grasshopper Sparrow","Ammodramus savannarum","AMMSAV","",TRUE
"","OLSP","","Olive Sparrow","Arremonops rufivirgatus","ARRRUF","",TRUE
"","GBSP","","Green-backed Sparrow","Arremonops chloronotus","ARRCHL","",TRUE
"","BSTS","*","Black-striped Sparrow","Arremonops conirostris","ARRCON","",TRUE
"","FSSP","","Five-striped Sparrow","Amphispiza quinquestriata","AMPQUI","",TRUE
"","BTSP","","Black-throated Sparrow","Amphispiza bilineata","AMPBIL","",TRUE
"","LASP","","Lark Sparrow","Chondestes grammacus","CHOGRA","",TRUE
"","LARB","*","Lark Bunting","Calamospiza melanocorys","CALMEC","*",TRUE
"","CHSP","","Chipping Sparrow","Spizella passerina","SPIPAS","",TRUE
"","CCSP","","Clay-colored Sparrow","Spizella pallida","SPIPAL","",TRUE
"","BCSP","","Black-chinned Sparrow","Spizella atrogularis","SPIATG","*",TRUE
"","FISP","","Field Sparrow","Spizella pusilla","SPIPUS","",TRUE
"","BRSP","","Brewer's Sparrow","Spizella breweri","SPIBRE","",TRUE
"","WOSP","","Worthen's Sparrow","Spizella wortheni","SPIWOR","",TRUE
"","CRBR","","Costa Rican Brushfinch","Arremon costaricensis","ARRCOS","",TRUE
"","OBSP","","Orange-billed Sparrow","Arremon aurantiirostris","ARRAUR","",TRUE
"","GSBR","","Green-striped Brushfinch","Arremon virenticeps","ARRVIR","",TRUE
"","CCBR","","Chestnut-capped Brushfinch","Arremon brunneinucha","ARRBRU","",TRUE
"","SFFI","","Sooty-faced Finch","Arremon crassirostris","ARRCRA","",TRUE
"","FOSP","","Fox Sparrow","Passerella iliaca","PASILI","",TRUE
"","ATSP","","American Tree Sparrow","Spizelloides arborea","SPIARB","",TRUE
"","VOJU","","Volcano Junco","Junco vulcani","JUNVUL","",TRUE
"","GUJU","","Guadalupe Junco","Junco insularis","JUNINS","",TRUE
"","DEJU","","Dark-eyed Junco","Junco hyemalis","JUNHYE","",TRUE
"","YEJU","","Yellow-eyed Junco","Junco phaeonotus","JUNPHA","",TRUE
"","BAJU","","Baird's Junco","Junco bairdi","JUNBAI","",TRUE
"","RCOS","*","Rufous-collared Sparrow","Zonotrichia capensis","ZONCAP","",TRUE
"","WCSP","","White-crowned Sparrow","Zonotrichia leucophrys","ZONLEU","",TRUE
"","GCSP","","Golden-crowned Sparrow","Zonotrichia atricapilla","ZONATR","",TRUE
"","HASP","","Harris's Sparrow","Zonotrichia querula","ZONQUE","",TRUE
"","WTSP","","White-throated Sparrow","Zonotrichia albicollis","ZONALB","",TRUE
"","SABS","*","Sagebrush Sparrow","Artemisiospiza nevadensis","ARTNEV","",TRUE
"","BESP","","Bell's Sparrow","Artemisiospiza belli","ARTBEL","",TRUE
"","SSPA","*","Striped Sparrow","Oriturus superciliosus","ORISUP","",TRUE
"","VESP","","Vesper Sparrow","Pooecetes gramineus","POOGRA","",TRUE
"","LCSP","","LeConte's Sparrow","Ammospiza leconteii","AMMLEC","",TRUE
"","SESP","","Seaside Sparrow","Ammospiza maritima","AMMMAR","",TRUE
"","NESP","","Nelson's Sparrow","Ammospiza nelsoni","AMMNEL","",TRUE
"","SALS","*","Saltmarsh Sparrow","Ammospiza caudacuta","AMMCAU","",TRUE
"","BAIS","*","Baird's Sparrow","Centronyx bairdii","CENBAI","",TRUE
"","HESP","","Henslow's Sparrow","Centronyx henslowii","CENHEN","",TRUE
"","SAVS","*","Savannah Sparrow","Passerculus sandwichensis","PASSAN","",TRUE
"","SMSP","","Sierra Madre Sparrow","Xenospiza baileyi","XENBAI","",TRUE
"","SOSP","","Song Sparrow","Melospiza melodia","MELMEL","",TRUE
"","LISP","","Lincoln's Sparrow","Melospiza lincolnii","MELLIN","",TRUE
"","SWSP","","Swamp Sparrow","Melospiza georgiana","MELGEO","",TRUE
"","LFFI","","Large-footed Finch","Pezopetes capitalis","PEZCAP","",TRUE
"","RCGS","","Rusty-crowned Ground-Sparrow","Melozone kieneri","MELKIE","",TRUE
"","CANT","*","Canyon Towhee","Melozone fusca","MEZFUS","*",TRUE
"","WTTO","","White-throated Towhee","Melozone albicollis","MELALB","",TRUE
"","ABTO","","Abert's Towhee","Melozone aberti","MELABE","",TRUE
"","CALT","*","California Towhee","Melozone crissalis","MELCRI","",TRUE
"","WEGS","","White-eared Ground-Sparrow","Melozone leucotis","MELLEU","",TRUE
"","WFGS","","White-faced Ground-Sparrow","Melozone biarcuata","MELBIA","",TRUE
"","CAGS","","Cabanis's Ground-Sparrow","Melozone cabanisi","MELCAB","",TRUE
"","RUSP","","Rusty Sparrow","Aimophila rufescens","AIMRUS","*",TRUE
"","RCSP","","Rufous-crowned Sparrow","Aimophila ruficeps","AIMRUP","*",TRUE
"","OASP","","Oaxaca Sparrow","Aimophila notosticta","AIMNOT","",TRUE
"","GTTO","","Green-tailed Towhee","Pipilo chlorurus","PIPCHL","",TRUE
"","SPTO","","Spotted Towhee","Pipilo maculatus","PIPMAC","",TRUE
"","EATO","","Eastern Towhee","Pipilo erythrophthalmus","PIPERY","",TRUE
"","COTO","","Collared Towhee","Pipilo ocai","PIPOCA","",TRUE
"","RCBR","","Rufous-capped Brushfinch","Atlapetes pileatus","ATLPIL","",TRUE
"","WNBR","","White-naped Brushfinch","Atlapetes albinucha","ATLALB","",TRUE
"","YTBR","","Yellow-thighed Brushfinch","Atlapetes tibialis","ALTTIB","",TRUE
"","YGBR","","Yellow-green Brushfinch","Atlapetes luteoviridis","ALTLUT","",TRUE
"","WESP","","Western Spindalis","Spindalis zena","SPIZEN","",TRUE
"","WRET","*","Wrenthrush","Zeledonia coronata","ZELCOR","",TRUE
"","YBCH","","Yellow-breasted Chat","Icteria virens","ICTVIR","",TRUE
"","YHBL","","Yellow-headed Blackbird","Xanthocephalus xanthocephalus","XANXAN","",TRUE
"","BOBO","","Bobolink","Dolichonyx oryzivorus","DOLORY","",TRUE
"","EAME","","Eastern Meadowlark","Sturnella magna","STUMAG","",TRUE
"","WEME","","Western Meadowlark","Sturnella neglecta","STUNEG","",TRUE
"","RBRM","*","Red-breasted Meadowlark","Leistes militaris","LEIMIL","",TRUE
"","YBIC","*","Yellow-billed Cacique","Amblycercus holosericeus","AMBHOL","",TRUE
"","YWCA","","Yellow-winged Cacique","Cassiculus melanicterus","CASMEL","",TRUE
"","CROR","","Crested Oropendola","Psarocolius decumanus","PSADEC","",TRUE
"","CHOR","","Chestnut-headed Oropendola","Psarocolius wagleri","PSAWAG","",TRUE
"","MORO","*","Montezuma Oropendola","Psarocolius montezuma","PSAMON","",TRUE
"","BLOR","","Black Oropendola","Psarocolius guatimozinus","PSAGUA","",TRUE
"","SRCA","","Scarlet-rumped Cacique","Cacicus uropygialis","CACURO","",TRUE
"","YRCA","","Yellow-rumped Cacique","Cacicus cela","CACCEL","",TRUE
"","BVOR","","Black-vented Oriole","Icterus wagleri","ICTWAG","",TRUE
"","BWOR","","Bar-winged Oriole","Icterus maculialatus","ICTMAC","",TRUE
"","BCOR","","Black-cowled Oriole","Icterus prosthemelas","ICTPRO","",TRUE
"","OROR","","Orchard Oriole","Icterus spurius","ICTSPU","",TRUE
"","HOOR","","Hooded Oriole","Icterus cucullatus","ICTCUC","",TRUE
"","YBOR","","Yellow-backed Oriole","Icterus chrysater","ICTCHR","",TRUE
"","OCOR","","Orange-crowned Oriole","Icterus auricapillus","ICTAUC","*",TRUE
"","YTOR","","Yellow-tailed Oriole","Icterus mesomelas","ICTMES","",TRUE
"","SBAO","*","Streak-backed Oriole","Icterus pustulatus","ICTPUS","",TRUE
"","BUOR","","Bullock's Oriole","Icterus bullockii","ICTBUL","",TRUE
"","ORAO","*","Orange Oriole","Icterus auratus","ICTAUT","*",TRUE
"","SBOR","","Spot-breasted Oriole","Icterus pectoralis","ICTPEC","",TRUE
"","ALOR","","Altamira Oriole","Icterus gularis","ICTGUL","",TRUE
"","AUOR","","Audubon's Oriole","Icterus graduacauda","ICTGRA","",TRUE
"","BAOR","","Baltimore Oriole","Icterus galbula","ICTGAL","",TRUE
"","BBOR","","Black-backed Oriole","Icterus abeillei","ICTABE","",TRUE
"","SCOR","","Scott's Oriole","Icterus parisorum","ICTPAR","",TRUE
"","RWBL","","Red-winged Blackbird","Agelaius phoeniceus","AGEPHO","",TRUE
"","TRBL","","Tricolored Blackbird","Agelaius tricolor","AGETRI","",TRUE
"","SHCO","","Shiny Cowbird","Molothrus bonariensis","MOLBON","",TRUE
"","BROC","*","Bronzed Cowbird","Molothrus aeneus","MOLAEN","",TRUE
"","BHCO","","Brown-headed Cowbird","Molothrus ater","MOLATE","",TRUE
"","GICO","","Giant Cowbird","Molothrus oryzivorus","MOLORY","",TRUE
"","MEBL","","Melodious Blackbird","Dives dives","DIVDIV","",TRUE
"","RUBL","","Rusty Blackbird","Euphagus carolinus","EUPCAR","",TRUE
"","BRBL","","Brewer's Blackbird","Euphagus cyanocephalus","EUPCYC","*",TRUE
"","COGR","","Common Grackle","Quiscalus quiscula","QUIQUI","",TRUE
"","BTGR","","Boat-tailed Grackle","Quiscalus major","QUIMAJ","",TRUE
"","GTGR","","Great-tailed Grackle","Quiscalus mexicanus","QUIMEX","",TRUE
"","NIGR","","Nicaraguan Grackle","Quiscalus nicaraguensis","QUINIC","",TRUE
"","YHOB","*","Yellow-hooded Blackbird","Chrysomus icterocephalus","CHRICT","",TRUE
"","OVEN","","Ovenbird","Seiurus aurocapilla","SEIAUR","",TRUE
"","WEWA","","Worm-eating Warbler","Helmitheros vermivorum","HELVER","",TRUE
"","LOWA","","Louisiana Waterthrush","Parkesia motacilla","PARMOT","",TRUE
"","NOWA","","Northern Waterthrush","Parkesia noveboracensis","PARNOV","",TRUE
"","GWWA","","Golden-winged Warbler","Vermivora chrysoptera","VERCHR","",TRUE
"","BWWA","","Blue-winged Warbler","Vermivora cyanoptera","VERCYA","",TRUE
"","BAWW","","Black-and-white Warbler","Mniotilta varia","MNIVAR","",TRUE
"","PROW","*","Prothonotary Warbler","Protonotaria citrea","PROCIT","",TRUE
"","SWWA","","Swainson's Warbler","Limnothlypis swainsonii","LIMSWA","",TRUE
"","CCWA","","Crescent-chested Warbler","Oreothlypis superciliosa","ORESUP","",TRUE
"","FTHW","*","Flame-throated Warbler","Oreothlypis gutturalis","OREGUT","",TRUE
"","TEWA","","Tennessee Warbler","Leiothlypis peregrina","LEIPER","",TRUE
"","OCWA","","Orange-crowned Warbler","Leiothlypis celata","LEICEL","",TRUE
"","COLW","*","Colima Warbler","Leiothlypis crissalis","LEICRI","",TRUE
"","LUWA","","Lucy's Warbler","Leiothlypis luciae","LEILUC","",TRUE
"","NAWA","","Nashville Warbler","Leiothlypis ruficapilla","LEIRUF","",TRUE
"","VIWA","","Virginia's Warbler","Leiothlypis virginiae","LEIVIR","",TRUE
"","CONW","*","Connecticut Warbler","Oporornis agilis","OPOAGI","",TRUE
"","GCYE","","Gray-crowned Yellowthroat","Geothlypis poliocephala","GEOPOL","",TRUE
"","MGWA","","MacGillivray's Warbler","Geothlypis tolmiei","GEOTOL","",TRUE
"","MOWA","","Mourning Warbler","Geothlypis philadelphia","GEOPHI","",TRUE
"","KEWA","","Kentucky Warbler","Geothlypis formosa","GEOFOR","",TRUE
"","OCYE","","Olive-crowned Yellowthroat","Geothlypis semiflava","GEOSEM","",TRUE
"","BPYE","","Black-polled Yellowthroat","Geothlypis speciosa","GEOSPE","",TRUE
"","BEYE","","Belding's Yellowthroat","Geothlypis beldingi","GEOBEL","",TRUE
"","ALYE","","Altamira Yellowthroat","Geothlypis flavovelata","GEOFLA","",TRUE
"","COYE","","Common Yellowthroat","Geothlypis trichas","GEOTRI","",TRUE
"","HOYE","","Hooded Yellowthroat","Geothlypis nelsoni","GEONEL","",TRUE
"","HOWA","","Hooded Warbler","Setophaga citrina","SETCIT","",TRUE
"","AMRE","","American Redstart","Setophaga ruticilla","SETRUT","",TRUE
"","KIWA","","Kirtland's Warbler","Setophaga kirtlandii","SETKIR","",TRUE
"","CMWA","","Cape May Warbler","Setophaga tigrina","SETTIG","",TRUE
"","CERW","*","Cerulean Warbler","Setophaga cerulea","SETCER","",TRUE
"","NOPA","","Northern Parula","Setophaga americana","SETAME","",TRUE
"","TRPA","","Tropical Parula","Setophaga pitiayumi","SETPIM","*",TRUE
"","MAWA","","Magnolia Warbler","Setophaga magnolia","SETMAG","",TRUE
"","BBWA","","Bay-breasted Warbler","Setophaga castanea","SETCAS","",TRUE
"","BLBW","*","Blackburnian Warbler","Setophaga fusca","SETFUS","",TRUE
"","YEWA","","Yellow Warbler","Setophaga petechia","SETPET","",TRUE
"","CSWA","","Chestnut-sided Warbler","Setophaga pensylvanica","SETPEN","",TRUE
"","BLPW","*","Blackpoll Warbler","Setophaga striata","SETSTR","",TRUE
"","BTBW","","Black-throated Blue Warbler","Setophaga caerulescens","SETCAE","",TRUE
"","PAWA","","Palm Warbler","Setophaga palmarum","SETPAL","",TRUE
"","PIWA","","Pine Warbler","Setophaga pinus","SETPIN","",TRUE
"","YRWA","","Yellow-rumped Warbler","Setophaga coronata","SETCOR","",TRUE
"","YTWA","","Yellow-throated Warbler","Setophaga dominica","SETDOM","",TRUE
"","VITW","*","Vitelline Warbler","Setophaga vitellina","SETVIT","",TRUE
"","PRAW","*","Prairie Warbler","Setophaga discolor","SETDIS","",TRUE
"","GRWA","","Grace's Warbler","Setophaga graciae","SETGRA","",TRUE
"","BTYW","*","Black-throated Gray Warbler","Setophaga nigrescens","SETNIG","",TRUE
"","TOWA","","Townsend's Warbler","Setophaga townsendi","SETTOW","",TRUE
"","HEWA","","Hermit Warbler","Setophaga occidentalis","SETOCC","",TRUE
"","GCWA","","Golden-cheeked Warbler","Setophaga chrysoparia","SETCHR","",TRUE
"","BTNW","*","Black-throated Green Warbler","Setophaga virens","SETVIR","",TRUE
"","BURW","*","Buff-rumped Warbler","Myiothlypis fulvicauda","MYIFUL","",TRUE
"","FTWA","","Fan-tailed Warbler","Basileuterus lachrymosus","BASLAC","",TRUE
"","RCWA","","Rufous-capped Warbler","Basileuterus rufifrons","BASRUF","",TRUE
"","BCWA","","Black-cheeked Warbler","Basileuterus melanogenys","BASMEG","*",TRUE
"","PIRW","*","Pirre Warbler","Basileuterus ignotus","BASIGN","",TRUE
"","GBWA","","Golden-browed Warbler","Basileuterus belli","BASBEL","",TRUE
"","GCRW","*","Golden-crowned Warbler","Basileuterus culicivorus","BASCUL","",TRUE
"","CRWA","","Costa Rican Warbler","Basileuterus melanotis","BASMET","*",TRUE
"","TAWA","","Tacarcuna Warbler","Basileuterus tacarcunae","BASTAC","",TRUE
"","CAWA","","Canada Warbler","Cardellina canadensis","CADCAN","",TRUE
"","WIWA","","Wilson's Warbler","Cardellina pusilla","CARPUS","",TRUE
"","RFWA","","Red-faced Warbler","Cardellina rubrifrons","CARRUF","*",TRUE
"","REWA","","Red Warbler","Cardellina rubra","CARRUA","*",TRUE
"","PHWA","","Pink-headed Warbler","Cardellina versicolor","CARVER","",TRUE
"","PARE","","Painted Redstart","Myioborus pictus","MYIPIC","",TRUE
"","STRE","","Slate-throated Redstart","Myioborus miniatus","MYIMIN","",TRUE
"","COLR","*","Collared Redstart","Myioborus torquatus","MYITOR","",TRUE
"","DFTA","","Dusky-faced Tanager","Mitrospingus cassinii","MITCAS","",TRUE
"","RTTA","","Rose-throated Tanager","Piranga roseogularis","PIRROS","",TRUE
"","HETA","","Hepatic Tanager","Piranga flava","PIRFLA","",TRUE
"","SUTA","","Summer Tanager","Piranga rubra","PIRRUB","",TRUE
"","SCTA","","Scarlet Tanager","Piranga olivacea","PIROLI","",TRUE
"","WETA","","Western Tanager","Piranga ludoviciana","PIRLUD","",TRUE
"","FCTA","","Flame-colored Tanager","Piranga bidentata","PIRBID","",TRUE
"","WWTA","","White-winged Tanager","Piranga leucoptera","PIRLEU","",TRUE
"","RHTA","","Red-headed Tanager","Piranga erythrocephala","PIRERY","",TRUE
"","RCAT","","Red-crowned Ant-Tanager","Habia rubica","HABRUB","",TRUE
"","RTAT","","Red-throated Ant-Tanager","Habia fuscicauda","HABFUS","",TRUE
"","BCAT","","Black-cheeked Ant-Tanager","Habia atrimaxillaris","HABATR","",TRUE
"","CATA","","Carmiol's Tanager","Chlorothraupis carmioli","CHLCAR","",TRUE
"","LSTA","","Lemon-spectacled Tanager","Chlorothraupis olivacea","CHLOLI","",TRUE
"","BFAG","*","Black-faced Grosbeak","Caryothraustes poliogaster","CARPOL","",TRUE
"","YGGR","","Yellow-green Grosbeak","Caryothraustes canadensis","CATCAN","",TRUE
"","CCGR","","Crimson-collared Grosbeak","Rhodothraupis celaeno","RHOCEL","",TRUE
"","NOCA","","Northern Cardinal","Cardinalis cardinalis","CARCAI","*",TRUE
"","PYRR","","Pyrrhuloxia","Cardinalis sinuatus","CARSIN","",TRUE
"","YEGR","","Yellow Grosbeak","Pheucticus chrysopeplus","PHECHR","",TRUE
"","BTGG","*","Black-thighed Grosbeak","Pheucticus tibialis","PHETIB","",TRUE
"","RBGR","","Rose-breasted Grosbeak","Pheucticus ludovicianus","PHELUD","",TRUE
"","BHGR","","Black-headed Grosbeak","Pheucticus melanocephalus","PHEMEL","",TRUE
"","RBRC","*","Red-breasted Chat","Granatellus venustus","GRAVEN","",TRUE
"","GTCH","","Gray-throated Chat","Granatellus sallaei","GRASAL","",TRUE
"","BLSE","","Blue Seedeater","Amaurospiza concolor","AMSCON","*",TRUE
"","BGRO","*","Blue-black Grosbeak","Cyanoloxia cyanoides","CYACYD","*",TRUE
"","BLBU","","Blue Bunting","Cyanocompsa parellina","CYAPAR","",TRUE
"","BLGR","","Blue Grosbeak","Passerina caerulea","PASCAE","",TRUE
"","LAZB","*","Lazuli Bunting","Passerina amoena","PASAMO","",TRUE
"","INBU","","Indigo Bunting","Passerina cyanea","PASCYA","",TRUE
"","RBBU","","Rose-bellied Bunting","Passerina rositae","PASROS","",TRUE
"","OBBU","","Orange-breasted Bunting","Passerina leclancherii","PASLEC","",TRUE
"","VABU","","Varied Bunting","Passerina versicolor","PASVER","",TRUE
"","PABU","","Painted Bunting","Passerina ciris","PASCIR","",TRUE
"","DICK","","Dickcissel","Spiza americana","SPIAME","",TRUE
"","BAGT","","Blue-and-gold Tanager","Bangsia arcaei","BANARC","",TRUE
"","SPTA","","Speckled Tanager","Ixothraupis guttata","IXOGUT","",TRUE
"","GAGT","","Gray-and-gold Tanager","Poecilostreptus palmeri","POEPAL","",TRUE
"","ARTA","","Azure-rumped Tanager","Poecilostreptus cabanisi","POECAB","",TRUE
"","BGTA","","Blue-gray Tanager","Thraupis episcopus","THREPI","",TRUE
"","YWTA","","Yellow-winged Tanager","Thraupis abbas","THRABB","",TRUE
"","PATA","","Palm Tanager","Thraupis palmarum","THRPAL","",TRUE
"","GHOT","*","Golden-hooded Tanager","Stilpnia larvata","STILAR","",TRUE
"","GNTA","","Green-naped Tanager","Tangara fucosa","TANFUC","",TRUE
"","SCHT","*","Spangle-cheeked Tanager","Tangara dowii","TANDOW","",TRUE
"","PCTA","","Plain-colored Tanager","Tangara inornata","TANINO","",TRUE
"","RWTA","","Rufous-winged Tanager","Tangara lavinia","TANLAV","",TRUE
"","BHTA","","Bay-headed Tanager","Tangara gyrola","TANGYR","",TRUE
"","EMTA","","Emerald Tanager","Tangara florida","TANFLO","",TRUE
"","STTA","","Silver-throated Tanager","Tangara icterocephala","TANICT","",TRUE
"","WECO","","White-eared Conebill","Conirostrum leucogenys","CONLEU","",TRUE
"","SAFI","","Saffron Finch","Sicalis flaveola","SICFLA","",TRUE
"","GRYF","","Grassland Yellow-Finch","Sicalis luteola","SICLUT","",TRUE
"","SLFI","","Slaty Finch","Haplospiza rustica","HAPRUS","",TRUE
"","PBFI","","Peg-billed Finch","Acanthidops bairdi","ACABAI","",TRUE
"","CBFL","","Cinnamon-bellied Flowerpiercer","Diglossa baritula","DIGBAR","",TRUE
"","SLFL","","Slaty Flowerpiercer","Diglossa plumbea","DIGPLU","",TRUE
"","GRHO","","Green Honeycreeper","Chlorophanes spiza","CHLSPI","",TRUE
"","BAYT","","Black-and-yellow Tanager","Chrysothlypis chrysomelas","CHRCHR","",TRUE
"","SURT","*","Sulphur-rumped Tanager","Heterospingus rubrifrons","HETRUB","",TRUE
"","SBTA","","Scarlet-browed Tanager","Heterospingus xanthopygius","HETXAN","",TRUE
"","YBTA","","Yellow-backed Tanager","Hemithraupis flavicollis","HEMFLA","",TRUE
"","BGRA","*","Blue-black Grassquit","Volatinia jacarina","VOLJAC","",TRUE
"","GHET","*","Gray-headed Tanager","Eucometis penicillata","EUCPEN","",TRUE
"","WSTA","","White-shouldered Tanager","Loriotus luctuosus","LORLUC","",TRUE
"","TCTA","","Tawny-crested Tanager","Tachyphonus delatrii","TACDEL","",TRUE
"","WLTA","","White-lined Tanager","Tachyphonus rufus","TACRUF","",TRUE
"","BTST","","Black-throated Shrike-Tanager","Lanio aurantius","LANAUR","",TRUE
"","WTST","","White-throated Shrike-Tanager","Lanio leucothorax","LANLEU","",TRUE
"","CCTA","","Crimson-collared Tanager","Ramphocelus sanguinolentus","RAMSAN","",TRUE
"","FRTA","","Flame-rumped Tanager","Ramphocelus flammigerus","RAMFLA","",TRUE
"","SCRT","*","Scarlet-rumped Tanager","Ramphocelus passerinii","RAMPAS","",TRUE
"","CBTA","","Crimson-backed Tanager","Ramphocelus dimidiatus","RAMDIM","",TRUE
"","SWTA","","Swallow Tanager","Tersina viridis","TERVIR","",TRUE
"","SHHO","","Shining Honeycreeper","Cyanerpes lucidus","CYALUC","",TRUE
"","PUHO","","Purple Honeycreeper","Cyanerpes caeruleus","CYACAE","",TRUE
"","RLHO","","Red-legged Honeycreeper","Cyanerpes cyaneus","CYACYU","*",TRUE
"","STDA","","Scarlet-thighed Dacnis","Dacnis venusta","DACVEN","",TRUE
"","BLDA","","Blue Dacnis","Dacnis cayana","DACCAY","",TRUE
"","VIDA","","Viridian Dacnis","Dacnis viguieri","DACVIG","",TRUE
"","BANA","","Bananaquit","Coereba flaveola","COEFLA","",TRUE
"","YFGR","","Yellow-faced Grassquit","Tiaris olivaceus","TIAOLI","",TRUE
"","COFI","","Cocos Finch","Pinaroloxias inornata","PININO","",TRUE
"","TBSF","","Thick-billed Seed-Finch","Sporophila funerea","SPOFUN","",TRUE
"","LBSF","","Large-billed Seed-Finch","Sporophila crassirostris","SPOCRA","",TRUE
"","NISF","","Nicaraguan Seed-Finch","Sporophila nuttingi","SPONUT","",TRUE
"","VASE","","Variable Seedeater","Sporophila corvina","SPOCOR","",TRUE
"","SCSE","","Slate-colored Seedeater","Sporophila schistacea","SPOSCH","",TRUE
"","CRSE","","Cinnamon-rumped Seedeater","Sporophila torqueola","SPOTOR","",TRUE
"","MOSE","","Morelet's Seedeater","Sporophila morelleti","SPOMOR","",TRUE
"","YBSE","","Yellow-bellied Seedeater","Sporophila nigricollis","SPONIG","",TRUE
"","RBSE","","Ruddy-breasted Seedeater","Sporophila minuta","SPOMIN","",TRUE
"","WTGF","","Wedge-tailed Grass-Finch","Emberizoides herbicola","EMBHER","",TRUE
"","BHSA","","Black-headed Saltator","Saltator atriceps","SALATR","",TRUE
"","BTSA","","Buff-throated Saltator","Saltator maximus","SALMAX","",TRUE
"","SCOG","*","Slate-colored Grosbeak","Saltator grossus","SALGRO","",TRUE
"","GRAS","*","Grayish Saltator","Saltator coerulescens","SALCOE","",TRUE
"","SSAL","*","Streaked Saltator","Saltator striatipectus","SALSTR","",TRUE
